,time,code,open,close,high,low,volume,money
0,2026-04-15,588080.XSHG,1.447,1.437,1.464,1.429,1107660929.0,1603751647.958
1,2026-04-16,588080.XSHG,1.437,1.455,1.455,1.432,805112961.0,1162814288.6
2,2026-04-17,588080.XSHG,1.448,1.454,1.465,1.443,689122432.0,1001787388.382
3,2026-04-20,588080.XSHG,1.454,1.482,1.482,1.446,848718379.0,1249910899.98
4,2026-04-21,588080.XSHG,1.477,1.458,1.477,1.446,766729716.0,1115149010.934
5,2026-04-22,588080.XSHG,1.453,1.482,1.483,1.45,942321639.0,1383424530.27
6,2026-04-23,588080.XSHG,1.496,1.463,1.498,1.449,940723042.0,1387287955.339
7,2026-04-24,588080.XSHG,1.467,1.485,1.504,1.447,1348477519.0,1996326941.608
8,2026-04-27,588080.XSHG,1.505,1.544,1.548,1.497,1075954910.0,1642966147.135
9,2026-04-28,588080.XSHG,1.533,1.52,1.559,1.511,822154950.0,1263328818.913
10,2026-04-29,588080.XSHG,1.508,1.526,1.528,1.484,867815662.0,1311193814.29
11,2026-04-30,588080.XSHG,1.54,1.603,1.615,1.54,1642424377.0,2600250682.866
12,2026-05-06,588080.XSHG,1.665,1.691,1.756,1.66,1502565938.0,2575731132.952
13,2026-05-07,588080.XSHG,1.7,1.715,1.719,1.681,719146074.0,1222362958.528
14,2026-05-08,588080.XSHG,1.689,1.677,1.691,1.661,857428336.0,1438396774.039
15,2026-05-11,588080.XSHG,1.723,1.754,1.765,1.705,1209914454.0,2106242786.801
16,2026-05-12,588080.XSHG,1.752,1.761,1.785,1.723,888927625.0,1556818989.515
17,2026-05-13,588080.XSHG,1.726,1.808,1.81,1.713,885284050.0,1559442359.099
18,2026-05-14,588080.XSHG,1.828,1.762,1.84,1.76,1013511720.0,1816874600.884
19,2026-05-15,588080.XSHG,1.754,1.733,1.808,1.705,1404976193.0,2452368852.815
20,2026-05-18,588080.XSHG,1.71,1.747,1.786,1.71,1033514640.0,1813027694.617
21,2026-05-19,588080.XSHG,1.732,1.815,1.815,1.706,1258369298.0,2205425866.001
22,2026-05-20,588080.XSHG,1.805,1.87,1.874,1.8,1171682675.0,2166051644.439
23,2026-05-21,588080.XSHG,1.903,1.804,1.933,1.796,1478610455.0,2779458701.102
24,2026-05-22,588080.XSHG,1.813,1.83,1.836,1.784,1069611557.0,1937712096.287
25,2026-05-25,588080.XSHG,1.83,1.936,1.94,1.811,1428765109.0,2691960874.533
26,2026-05-26,588080.XSHG,1.93,1.913,1.93,1.863,1386189104.0,2621764475.36
27,2026-05-27,588080.XSHG,1.913,1.857,1.942,1.848,1326252199.0,2512082173.78
28,2026-04-15,510300.XSHG,4.732,4.694,4.746,4.684,675980605.0,3185349113.072
29,2026-04-16,510300.XSHG,4.704,4.746,4.747,4.7,853234423.0,4036951793.649
30,2026-04-17,510300.XSHG,4.737,4.739,4.75,4.722,736150074.0,3485941360.308
31,2026-04-20,510300.XSHG,4.735,4.765,4.777,4.728,762457819.0,3627929893.519
32,2026-04-21,510300.XSHG,4.764,4.776,4.786,4.73,636108137.0,3026895922.837
33,2026-04-22,510300.XSHG,4.76,4.811,4.813,4.756,1012592563.0,4851593063.74
34,2026-04-23,510300.XSHG,4.82,4.801,4.834,4.772,1008518112.0,4848688473.761
35,2026-04-24,510300.XSHG,4.785,4.782,4.798,4.75,719322606.0,3432906824.728
36,2026-04-27,510300.XSHG,4.786,4.782,4.81,4.773,928036020.0,4443760487.413
37,2026-04-28,510300.XSHG,4.766,4.77,4.79,4.757,864420229.0,4125806962.432
38,2026-04-29,510300.XSHG,4.755,4.821,4.828,4.755,1279679774.0,6139314264.925
39,2026-04-30,510300.XSHG,4.83,4.824,4.841,4.808,1651786402.0,7965711080.495
40,2026-05-06,510300.XSHG,4.866,4.888,4.914,4.852,1867782757.0,9131466568.688
41,2026-05-07,510300.XSHG,4.905,4.912,4.914,4.879,2094622649.0,10262731526.713
42,2026-05-08,510300.XSHG,4.89,4.886,4.902,4.862,1253564919.0,6121164078.211
43,2026-05-11,510300.XSHG,4.911,4.966,4.98,4.9,2116521779.0,10456512043.856
44,2026-05-12,510300.XSHG,4.975,4.963,4.987,4.944,1002170459.0,4976355849.796
45,2026-05-13,510300.XSHG,4.94,5.017,5.023,4.939,1272615005.0,6331249193.723
46,2026-05-14,510300.XSHG,5.037,4.941,5.041,4.931,1028164563.0,5118663487.431
47,2026-05-15,510300.XSHG,4.935,4.878,4.954,4.852,1047902445.0,5135152284.913
48,2026-05-18,510300.XSHG,4.855,4.852,4.885,4.819,583576370.0,2832450611.973
49,2026-05-19,510300.XSHG,4.843,4.869,4.874,4.789,967499889.0,4670192858.088
50,2026-05-20,510300.XSHG,4.845,4.871,4.882,4.84,959720086.0,4664422386.529
51,2026-05-21,510300.XSHG,4.897,4.808,4.954,4.801,1205577337.0,5913215496.289
52,2026-05-22,510300.XSHG,4.828,4.862,4.868,4.807,1325051845.0,6421618435.947
53,2026-05-25,510300.XSHG,4.88,4.937,4.938,4.872,1625055928.0,7970991058.722
54,2026-05-26,510300.XSHG,4.912,4.972,4.975,4.91,968675161.0,4786813577.198
55,2026-05-27,510300.XSHG,4.963,4.932,4.993,4.913,640521540.0,3174582673.457
56,2026-04-15,510050.XSHG,3.008,3.008,3.027,3.005,395736369.0,1193503853.114
57,2026-04-16,510050.XSHG,3.01,3.014,3.024,3.004,521758730.0,1573196747.632
58,2026-04-17,510050.XSHG,2.999,2.982,3.004,2.98,827049922.0,2471940801.814
59,2026-04-20,510050.XSHG,2.982,3.007,3.011,2.981,648753428.0,1946054154.398
60,2026-04-21,510050.XSHG,3.006,3.006,3.01,2.992,690185884.0,2071605591.63
61,2026-04-22,510050.XSHG,2.998,3.005,3.01,2.996,978006909.0,2936318893.525
62,2026-04-23,510050.XSHG,3.006,3.001,3.014,2.984,1310505281.0,3933095472.242
63,2026-04-24,510050.XSHG,2.995,3.018,3.024,2.986,989996116.0,2976800793.512
64,2026-04-27,510050.XSHG,3.015,3.013,3.031,3.007,1015724512.0,3062740187.046
65,2026-04-28,510050.XSHG,3.008,3.024,3.037,3.006,1238367402.0,3748025654.046
66,2026-04-29,510050.XSHG,3.019,3.041,3.046,3.014,1287005615.0,3894058815.481
67,2026-04-30,510050.XSHG,3.042,3.062,3.065,3.037,1751207462.0,5350037812.692
68,2026-05-06,510050.XSHG,3.079,3.1,3.116,3.077,1873728353.0,5816897295.725
69,2026-05-07,510050.XSHG,3.107,3.103,3.115,3.094,1613551283.0,5002057798.464
70,2026-05-08,510050.XSHG,3.092,3.075,3.093,3.061,1807909313.0,5554580169.317
71,2026-05-11,510050.XSHG,3.09,3.116,3.123,3.081,1776177894.0,5508278519.539
72,2026-05-12,510050.XSHG,3.116,3.119,3.131,3.108,1178872890.0,3674864434.608
73,2026-05-13,510050.XSHG,3.107,3.123,3.127,3.093,1377046933.0,4278442731.725
74,2026-05-14,510050.XSHG,3.131,3.074,3.133,3.072,1042284056.0,3230850342.787
75,2026-05-15,510050.XSHG,3.065,3.035,3.076,3.018,1109066192.0,3383669379.638
76,2026-05-18,510050.XSHG,3.02,3.008,3.03,2.992,870984563.0,2621819056.352
77,2026-05-19,510050.XSHG,3.005,3.026,3.028,2.99,1645348227.0,4945752838.2
78,2026-05-20,510050.XSHG,3.012,3.029,3.037,3.01,1282018780.0,3878181495.314
79,2026-05-21,510050.XSHG,3.043,2.994,3.072,2.992,955267514.0,2908756656.42
80,2026-05-22,510050.XSHG,3.005,2.995,3.01,2.982,1252153748.0,3749093627.603
81,2026-05-25,510050.XSHG,3.003,3.039,3.041,3.0,1353849176.0,4099283633.199
82,2026-05-26,510050.XSHG,3.033,3.046,3.049,3.019,874975533.0,2655191778.364
83,2026-05-27,510050.XSHG,3.042,3.008,3.051,2.993,981673720.0,2961688368.655
