,index,listed_date,exchange,underlying_symbol,symbol,underlying_order_book_id,round_lot,de_listed_date,maturity_date,option_type,exercise_type,type,contract_multiplier,strike_price,order_book_id,market_tplus,trading_hours,product_name,trading_code
0,36,2025-10-23,XSHG,588080.XSHG,科创板50购6月1250,588080.XSHG,1.0,2026-06-24,2026-06-24,C,E,Option,10000.0,1.25,10010367,0.0,"09:31-11:30,13:01-15:00",588080C2606M01250,10010367
1,37,2025-10-23,XSHG,588080.XSHG,科创板50购6月1300,588080.XSHG,1.0,2026-06-24,2026-06-24,C,E,Option,10000.0,1.3,10010368,0.0,"09:31-11:30,13:01-15:00",588080C2606M01300,10010368
2,38,2025-10-23,XSHG,588080.XSHG,科创板50购6月1350,588080.XSHG,1.0,2026-06-24,2026-06-24,C,E,Option,10000.0,1.35,10010369,0.0,"09:31-11:30,13:01-15:00",588080C2606M01350,10010369
3,39,2025-10-23,XSHG,588080.XSHG,科创板50购6月1400,588080.XSHG,1.0,2026-06-24,2026-06-24,C,E,Option,10000.0,1.4,10010370,0.0,"09:31-11:30,13:01-15:00",588080C2606M01400,10010370
4,40,2025-10-23,XSHG,588080.XSHG,科创板50购6月1450,588080.XSHG,1.0,2026-06-24,2026-06-24,C,E,Option,10000.0,1.45,10010371,0.0,"09:31-11:30,13:01-15:00",588080C2606M01450,10010371
5,41,2025-10-23,XSHG,588080.XSHG,科创板50购6月1500,588080.XSHG,1.0,2026-06-24,2026-06-24,C,E,Option,10000.0,1.5,10010372,0.0,"09:31-11:30,13:01-15:00",588080C2606M01500,10010372
6,42,2025-10-23,XSHG,588080.XSHG,科创板50购6月1550,588080.XSHG,1.0,2026-06-24,2026-06-24,C,E,Option,10000.0,1.55,10010373,0.0,"09:31-11:30,13:01-15:00",588080C2606M01550,10010373
7,43,2025-10-23,XSHG,588080.XSHG,科创板50购6月1600,588080.XSHG,1.0,2026-06-24,2026-06-24,C,E,Option,10000.0,1.6,10010374,0.0,"09:31-11:30,13:01-15:00",588080C2606M01600,10010374
8,44,2025-10-23,XSHG,588080.XSHG,科创板50购6月1650,588080.XSHG,1.0,2026-06-24,2026-06-24,C,E,Option,10000.0,1.65,10010375,0.0,"09:31-11:30,13:01-15:00",588080C2606M01650,10010375
9,45,2025-10-23,XSHG,588080.XSHG,科创板50沽6月1250,588080.XSHG,1.0,2026-06-24,2026-06-24,P,E,Option,10000.0,1.25,10010376,0.0,"09:31-11:30,13:01-15:00",588080P2606M01250,10010376
10,46,2025-10-23,XSHG,588080.XSHG,科创板50沽6月1300,588080.XSHG,1.0,2026-06-24,2026-06-24,P,E,Option,10000.0,1.3,10010377,0.0,"09:31-11:30,13:01-15:00",588080P2606M01300,10010377
11,47,2025-10-23,XSHG,588080.XSHG,科创板50沽6月1350,588080.XSHG,1.0,2026-06-24,2026-06-24,P,E,Option,10000.0,1.35,10010378,0.0,"09:31-11:30,13:01-15:00",588080P2606M01350,10010378
12,48,2025-10-23,XSHG,588080.XSHG,科创板50沽6月1400,588080.XSHG,1.0,2026-06-24,2026-06-24,P,E,Option,10000.0,1.4,10010379,0.0,"09:31-11:30,13:01-15:00",588080P2606M01400,10010379
13,49,2025-10-23,XSHG,588080.XSHG,科创板50沽6月1450,588080.XSHG,1.0,2026-06-24,2026-06-24,P,E,Option,10000.0,1.45,10010380,0.0,"09:31-11:30,13:01-15:00",588080P2606M01450,10010380
14,50,2025-10-23,XSHG,588080.XSHG,科创板50沽6月1500,588080.XSHG,1.0,2026-06-24,2026-06-24,P,E,Option,10000.0,1.5,10010381,0.0,"09:31-11:30,13:01-15:00",588080P2606M01500,10010381
15,51,2025-10-23,XSHG,588080.XSHG,科创板50沽6月1550,588080.XSHG,1.0,2026-06-24,2026-06-24,P,E,Option,10000.0,1.55,10010382,0.0,"09:31-11:30,13:01-15:00",588080P2606M01550,10010382
16,52,2025-10-23,XSHG,588080.XSHG,科创板50沽6月1600,588080.XSHG,1.0,2026-06-24,2026-06-24,P,E,Option,10000.0,1.6,10010383,0.0,"09:31-11:30,13:01-15:00",588080P2606M01600,10010383
17,53,2025-10-23,XSHG,588080.XSHG,科创板50沽6月1650,588080.XSHG,1.0,2026-06-24,2026-06-24,P,E,Option,10000.0,1.65,10010384,0.0,"09:31-11:30,13:01-15:00",588080P2606M01650,10010384
18,56,2025-10-24,XSHG,588080.XSHG,科创板50购6月1200,588080.XSHG,1.0,2026-06-24,2026-06-24,C,E,Option,10000.0,1.2,10010389,0.0,"09:31-11:30,13:01-15:00",588080C2606M01200,10010389
19,57,2025-10-24,XSHG,588080.XSHG,科创板50沽6月1200,588080.XSHG,1.0,2026-06-24,2026-06-24,P,E,Option,10000.0,1.2,10010390,0.0,"09:31-11:30,13:01-15:00",588080P2606M01200,10010390
20,60,2025-10-27,XSHG,588080.XSHG,科创板50购6月1700,588080.XSHG,1.0,2026-06-24,2026-06-24,C,E,Option,10000.0,1.7,10010401,0.0,"09:31-11:30,13:01-15:00",588080C2606M01700,10010401
21,61,2025-10-27,XSHG,588080.XSHG,科创板50沽6月1700,588080.XSHG,1.0,2026-06-24,2026-06-24,P,E,Option,10000.0,1.7,10010402,0.0,"09:31-11:30,13:01-15:00",588080P2606M01700,10010402
22,64,2025-11-20,XSHG,588080.XSHG,科创板50购6月1150,588080.XSHG,1.0,2026-06-24,2026-06-24,C,E,Option,10000.0,1.15,10010423,0.0,"09:31-11:30,13:01-15:00",588080C2606M01150,10010423
23,65,2025-11-20,XSHG,588080.XSHG,科创板50沽6月1150,588080.XSHG,1.0,2026-06-24,2026-06-24,P,E,Option,10000.0,1.15,10010424,0.0,"09:31-11:30,13:01-15:00",588080P2606M01150,10010424
24,68,2025-11-24,XSHG,588080.XSHG,科创板50购6月1100,588080.XSHG,1.0,2026-06-24,2026-06-24,C,E,Option,10000.0,1.1,10010439,0.0,"09:31-11:30,13:01-15:00",588080C2606M01100,10010439
25,69,2025-11-24,XSHG,588080.XSHG,科创板50沽6月1100,588080.XSHG,1.0,2026-06-24,2026-06-24,P,E,Option,10000.0,1.1,10010440,0.0,"09:31-11:30,13:01-15:00",588080P2606M01100,10010440
26,70,2025-12-17,XSHG,510050.XSHG,50ETF购6月2800,510050.XSHG,1.0,2026-06-24,2026-06-24,C,E,Option,10000.0,2.8,10010597,0.0,"09:31-11:30,13:01-15:00",510050C2606M02800,10010597
27,71,2025-12-17,XSHG,510050.XSHG,50ETF购6月2850,510050.XSHG,1.0,2026-06-24,2026-06-24,C,E,Option,10000.0,2.85,10010598,0.0,"09:31-11:30,13:01-15:00",510050C2606M02850,10010598
28,72,2025-12-17,XSHG,510050.XSHG,50ETF购6月2900,510050.XSHG,1.0,2026-06-24,2026-06-24,C,E,Option,10000.0,2.9,10010599,0.0,"09:31-11:30,13:01-15:00",510050C2606M02900,10010599
29,73,2025-12-17,XSHG,510050.XSHG,50ETF购6月2950,510050.XSHG,1.0,2026-06-24,2026-06-24,C,E,Option,10000.0,2.95,10010600,0.0,"09:31-11:30,13:01-15:00",510050C2606M02950,10010600
30,74,2025-12-17,XSHG,510050.XSHG,50ETF购6月3000,510050.XSHG,1.0,2026-06-24,2026-06-24,C,E,Option,10000.0,3.0,10010601,0.0,"09:31-11:30,13:01-15:00",510050C2606M03000,10010601
31,75,2025-12-17,XSHG,510050.XSHG,50ETF购6月3100,510050.XSHG,1.0,2026-06-24,2026-06-24,C,E,Option,10000.0,3.1,10010602,0.0,"09:31-11:30,13:01-15:00",510050C2606M03100,10010602
32,76,2025-12-17,XSHG,510050.XSHG,50ETF购6月3200,510050.XSHG,1.0,2026-06-24,2026-06-24,C,E,Option,10000.0,3.2,10010603,0.0,"09:31-11:30,13:01-15:00",510050C2606M03200,10010603
33,77,2025-12-17,XSHG,510050.XSHG,50ETF购6月3300,510050.XSHG,1.0,2026-06-24,2026-06-24,C,E,Option,10000.0,3.3,10010604,0.0,"09:31-11:30,13:01-15:00",510050C2606M03300,10010604
34,78,2025-12-17,XSHG,510050.XSHG,50ETF购6月3400,510050.XSHG,1.0,2026-06-24,2026-06-24,C,E,Option,10000.0,3.4,10010605,0.0,"09:31-11:30,13:01-15:00",510050C2606M03400,10010605
35,79,2025-12-17,XSHG,510050.XSHG,50ETF沽6月2800,510050.XSHG,1.0,2026-06-24,2026-06-24,P,E,Option,10000.0,2.8,10010606,0.0,"09:31-11:30,13:01-15:00",510050P2606M02800,10010606
36,80,2025-12-17,XSHG,510050.XSHG,50ETF沽6月2850,510050.XSHG,1.0,2026-06-24,2026-06-24,P,E,Option,10000.0,2.85,10010607,0.0,"09:31-11:30,13:01-15:00",510050P2606M02850,10010607
37,81,2025-12-17,XSHG,510050.XSHG,50ETF沽6月2900,510050.XSHG,1.0,2026-06-24,2026-06-24,P,E,Option,10000.0,2.9,10010608,0.0,"09:31-11:30,13:01-15:00",510050P2606M02900,10010608
38,82,2025-12-17,XSHG,510050.XSHG,50ETF沽6月2950,510050.XSHG,1.0,2026-06-24,2026-06-24,P,E,Option,10000.0,2.95,10010609,0.0,"09:31-11:30,13:01-15:00",510050P2606M02950,10010609
39,83,2025-12-17,XSHG,510050.XSHG,50ETF沽6月3000,510050.XSHG,1.0,2026-06-24,2026-06-24,P,E,Option,10000.0,3.0,10010610,0.0,"09:31-11:30,13:01-15:00",510050P2606M03000,10010610
40,84,2025-12-17,XSHG,510050.XSHG,50ETF沽6月3100,510050.XSHG,1.0,2026-06-24,2026-06-24,P,E,Option,10000.0,3.1,10010611,0.0,"09:31-11:30,13:01-15:00",510050P2606M03100,10010611
41,85,2025-12-17,XSHG,510050.XSHG,50ETF沽6月3200,510050.XSHG,1.0,2026-06-24,2026-06-24,P,E,Option,10000.0,3.2,10010612,0.0,"09:31-11:30,13:01-15:00",510050P2606M03200,10010612
42,86,2025-12-17,XSHG,510050.XSHG,50ETF沽6月3300,510050.XSHG,1.0,2026-06-24,2026-06-24,P,E,Option,10000.0,3.3,10010613,0.0,"09:31-11:30,13:01-15:00",510050P2606M03300,10010613
43,87,2025-12-17,XSHG,510050.XSHG,50ETF沽6月3400,510050.XSHG,1.0,2026-06-24,2026-06-24,P,E,Option,10000.0,3.4,10010614,0.0,"09:31-11:30,13:01-15:00",510050P2606M03400,10010614
44,88,2025-12-18,XSHG,510050.XSHG,50ETF购6月3500,510050.XSHG,1.0,2026-06-24,2026-06-24,C,E,Option,10000.0,3.5,10010621,0.0,"09:31-11:30,13:01-15:00",510050C2606M03500,10010621
45,89,2025-12-18,XSHG,510050.XSHG,50ETF沽6月3500,510050.XSHG,1.0,2026-06-24,2026-06-24,P,E,Option,10000.0,3.5,10010622,0.0,"09:31-11:30,13:01-15:00",510050P2606M03500,10010622
46,90,2026-01-06,XSHG,510050.XSHG,50ETF购6月3600,510050.XSHG,1.0,2026-06-24,2026-06-24,C,E,Option,10000.0,3.6,10010729,0.0,"09:31-11:30,13:01-15:00",510050C2606M03600,10010729
47,91,2026-01-06,XSHG,510050.XSHG,50ETF沽6月3600,510050.XSHG,1.0,2026-06-24,2026-06-24,P,E,Option,10000.0,3.6,10010730,0.0,"09:31-11:30,13:01-15:00",510050P2606M03600,10010730
48,92,2026-01-13,XSHG,588080.XSHG,科创板50购6月1750,588080.XSHG,1.0,2026-06-24,2026-06-24,C,E,Option,10000.0,1.75,10010793,0.0,"09:31-11:30,13:01-15:00",588080C2606M01750,10010793
49,93,2026-01-13,XSHG,588080.XSHG,科创板50沽6月1750,588080.XSHG,1.0,2026-06-24,2026-06-24,P,E,Option,10000.0,1.75,10010794,0.0,"09:31-11:30,13:01-15:00",588080P2606M01750,10010794
50,94,2026-01-19,XSHG,510300.XSHG,300ETF购6月4300,510300.XSHG,1.0,2026-06-24,2026-06-24,C,E,Option,10000.0,4.3,10010921,0.0,"09:31-11:30,13:01-15:00",510300C2606M04300,10010921
51,95,2026-01-19,XSHG,510300.XSHG,300ETF购6月4400,510300.XSHG,1.0,2026-06-24,2026-06-24,C,E,Option,10000.0,4.4,10010922,0.0,"09:31-11:30,13:01-15:00",510300C2606M04400,10010922
52,96,2026-01-19,XSHG,510300.XSHG,300ETF购6月4500,510300.XSHG,1.0,2026-06-24,2026-06-24,C,E,Option,10000.0,4.5,10010923,0.0,"09:31-11:30,13:01-15:00",510300C2606M04500,10010923
53,97,2026-01-19,XSHG,510300.XSHG,300ETF购6月4600,510300.XSHG,1.0,2026-06-24,2026-06-24,C,E,Option,10000.0,4.6,10010924,0.0,"09:31-11:30,13:01-15:00",510300C2606M04600,10010924
54,98,2026-01-19,XSHG,510300.XSHG,300ETF购6月4700,510300.XSHG,1.0,2026-06-24,2026-06-24,C,E,Option,10000.0,4.7,10010925,0.0,"09:31-11:30,13:01-15:00",510300C2606M04700,10010925
55,99,2026-01-19,XSHG,510300.XSHG,300ETF购6月4800,510300.XSHG,1.0,2026-06-24,2026-06-24,C,E,Option,10000.0,4.8,10010926,0.0,"09:31-11:30,13:01-15:00",510300C2606M04800,10010926
56,100,2026-01-19,XSHG,510300.XSHG,300ETF购6月4900,510300.XSHG,1.0,2026-06-24,2026-06-24,C,E,Option,10000.0,4.9,10010927,0.0,"09:31-11:30,13:01-15:00",510300C2606M04900,10010927
57,101,2026-01-19,XSHG,510300.XSHG,300ETF购6月5000,510300.XSHG,1.0,2026-06-24,2026-06-24,C,E,Option,10000.0,5.0,10010928,0.0,"09:31-11:30,13:01-15:00",510300C2606M05000,10010928
58,102,2026-01-19,XSHG,510300.XSHG,300ETF购6月5250,510300.XSHG,1.0,2026-06-24,2026-06-24,C,E,Option,10000.0,5.25,10010929,0.0,"09:31-11:30,13:01-15:00",510300C2606M05250,10010929
59,103,2026-01-19,XSHG,510300.XSHG,300ETF沽6月4300,510300.XSHG,1.0,2026-06-24,2026-06-24,P,E,Option,10000.0,4.3,10010930,0.0,"09:31-11:30,13:01-15:00",510300P2606M04300,10010930
60,104,2026-01-19,XSHG,510300.XSHG,300ETF沽6月4400,510300.XSHG,1.0,2026-06-24,2026-06-24,P,E,Option,10000.0,4.4,10010931,0.0,"09:31-11:30,13:01-15:00",510300P2606M04400,10010931
61,105,2026-01-19,XSHG,510300.XSHG,300ETF沽6月4500,510300.XSHG,1.0,2026-06-24,2026-06-24,P,E,Option,10000.0,4.5,10010932,0.0,"09:31-11:30,13:01-15:00",510300P2606M04500,10010932
62,106,2026-01-19,XSHG,510300.XSHG,300ETF沽6月4600,510300.XSHG,1.0,2026-06-24,2026-06-24,P,E,Option,10000.0,4.6,10010933,0.0,"09:31-11:30,13:01-15:00",510300P2606M04600,10010933
63,107,2026-01-19,XSHG,510300.XSHG,300ETF沽6月4700,510300.XSHG,1.0,2026-06-24,2026-06-24,P,E,Option,10000.0,4.7,10010934,0.0,"09:31-11:30,13:01-15:00",510300P2606M04700,10010934
64,108,2026-01-19,XSHG,510300.XSHG,300ETF沽6月4800,510300.XSHG,1.0,2026-06-24,2026-06-24,P,E,Option,10000.0,4.8,10010935,0.0,"09:31-11:30,13:01-15:00",510300P2606M04800,10010935
65,109,2026-01-19,XSHG,510300.XSHG,300ETF沽6月4900,510300.XSHG,1.0,2026-06-24,2026-06-24,P,E,Option,10000.0,4.9,10010936,0.0,"09:31-11:30,13:01-15:00",510300P2606M04900,10010936
66,110,2026-01-19,XSHG,510300.XSHG,300ETF沽6月5000,510300.XSHG,1.0,2026-06-24,2026-06-24,P,E,Option,10000.0,5.0,10010937,0.0,"09:31-11:30,13:01-15:00",510300P2606M05000,10010937
67,111,2026-01-19,XSHG,510300.XSHG,300ETF沽6月5250,510300.XSHG,1.0,2026-06-24,2026-06-24,P,E,Option,10000.0,5.25,10010938,0.0,"09:31-11:30,13:01-15:00",510300P2606M05250,10010938
68,112,2026-01-26,XSHG,588080.XSHG,科创板50购6月1800,588080.XSHG,1.0,2026-06-24,2026-06-24,C,E,Option,10000.0,1.8,10010969,0.0,"09:31-11:30,13:01-15:00",588080C2606M01800,10010969
69,113,2026-01-26,XSHG,588080.XSHG,科创板50沽6月1800,588080.XSHG,1.0,2026-06-24,2026-06-24,P,E,Option,10000.0,1.8,10010970,0.0,"09:31-11:30,13:01-15:00",588080P2606M01800,10010970
70,114,2026-01-29,XSHG,510050.XSHG,50ETF购9月2850,510050.XSHG,1.0,2026-09-23,2026-09-23,C,E,Option,10000.0,2.85,10010971,0.0,"09:31-11:30,13:01-15:00",510050C2609M02850,10010971
71,115,2026-01-29,XSHG,510050.XSHG,50ETF购9月2900,510050.XSHG,1.0,2026-09-23,2026-09-23,C,E,Option,10000.0,2.9,10010972,0.0,"09:31-11:30,13:01-15:00",510050C2609M02900,10010972
72,116,2026-01-29,XSHG,510050.XSHG,50ETF购9月2950,510050.XSHG,1.0,2026-09-23,2026-09-23,C,E,Option,10000.0,2.95,10010973,0.0,"09:31-11:30,13:01-15:00",510050C2609M02950,10010973
73,117,2026-01-29,XSHG,510050.XSHG,50ETF购9月3000,510050.XSHG,1.0,2026-09-23,2026-09-23,C,E,Option,10000.0,3.0,10010974,0.0,"09:31-11:30,13:01-15:00",510050C2609M03000,10010974
74,118,2026-01-29,XSHG,510050.XSHG,50ETF购9月3100,510050.XSHG,1.0,2026-09-23,2026-09-23,C,E,Option,10000.0,3.1,10010975,0.0,"09:31-11:30,13:01-15:00",510050C2609M03100,10010975
75,119,2026-01-29,XSHG,510050.XSHG,50ETF购9月3200,510050.XSHG,1.0,2026-09-23,2026-09-23,C,E,Option,10000.0,3.2,10010976,0.0,"09:31-11:30,13:01-15:00",510050C2609M03200,10010976
76,120,2026-01-29,XSHG,510050.XSHG,50ETF购9月3300,510050.XSHG,1.0,2026-09-23,2026-09-23,C,E,Option,10000.0,3.3,10010977,0.0,"09:31-11:30,13:01-15:00",510050C2609M03300,10010977
77,121,2026-01-29,XSHG,510050.XSHG,50ETF购9月3400,510050.XSHG,1.0,2026-09-23,2026-09-23,C,E,Option,10000.0,3.4,10010978,0.0,"09:31-11:30,13:01-15:00",510050C2609M03400,10010978
78,122,2026-01-29,XSHG,510050.XSHG,50ETF购9月3500,510050.XSHG,1.0,2026-09-23,2026-09-23,C,E,Option,10000.0,3.5,10010979,0.0,"09:31-11:30,13:01-15:00",510050C2609M03500,10010979
79,123,2026-01-29,XSHG,510050.XSHG,50ETF沽9月2850,510050.XSHG,1.0,2026-09-23,2026-09-23,P,E,Option,10000.0,2.85,10010980,0.0,"09:31-11:30,13:01-15:00",510050P2609M02850,10010980
80,124,2026-01-29,XSHG,510050.XSHG,50ETF沽9月2900,510050.XSHG,1.0,2026-09-23,2026-09-23,P,E,Option,10000.0,2.9,10010981,0.0,"09:31-11:30,13:01-15:00",510050P2609M02900,10010981
81,125,2026-01-29,XSHG,510050.XSHG,50ETF沽9月2950,510050.XSHG,1.0,2026-09-23,2026-09-23,P,E,Option,10000.0,2.95,10010982,0.0,"09:31-11:30,13:01-15:00",510050P2609M02950,10010982
82,126,2026-01-29,XSHG,510050.XSHG,50ETF沽9月3000,510050.XSHG,1.0,2026-09-23,2026-09-23,P,E,Option,10000.0,3.0,10010983,0.0,"09:31-11:30,13:01-15:00",510050P2609M03000,10010983
83,127,2026-01-29,XSHG,510050.XSHG,50ETF沽9月3100,510050.XSHG,1.0,2026-09-23,2026-09-23,P,E,Option,10000.0,3.1,10010984,0.0,"09:31-11:30,13:01-15:00",510050P2609M03100,10010984
84,128,2026-01-29,XSHG,510050.XSHG,50ETF沽9月3200,510050.XSHG,1.0,2026-09-23,2026-09-23,P,E,Option,10000.0,3.2,10010985,0.0,"09:31-11:30,13:01-15:00",510050P2609M03200,10010985
85,129,2026-01-29,XSHG,510050.XSHG,50ETF沽9月3300,510050.XSHG,1.0,2026-09-23,2026-09-23,P,E,Option,10000.0,3.3,10010986,0.0,"09:31-11:30,13:01-15:00",510050P2609M03300,10010986
86,130,2026-01-29,XSHG,510050.XSHG,50ETF沽9月3400,510050.XSHG,1.0,2026-09-23,2026-09-23,P,E,Option,10000.0,3.4,10010987,0.0,"09:31-11:30,13:01-15:00",510050P2609M03400,10010987
87,131,2026-01-29,XSHG,510050.XSHG,50ETF沽9月3500,510050.XSHG,1.0,2026-09-23,2026-09-23,P,E,Option,10000.0,3.5,10010988,0.0,"09:31-11:30,13:01-15:00",510050P2609M03500,10010988
88,132,2026-01-29,XSHG,510300.XSHG,300ETF购9月4300,510300.XSHG,1.0,2026-09-23,2026-09-23,C,E,Option,10000.0,4.3,10010989,0.0,"09:31-11:30,13:01-15:00",510300C2609M04300,10010989
89,133,2026-01-29,XSHG,510300.XSHG,300ETF购9月4400,510300.XSHG,1.0,2026-09-23,2026-09-23,C,E,Option,10000.0,4.4,10010990,0.0,"09:31-11:30,13:01-15:00",510300C2609M04400,10010990
90,134,2026-01-29,XSHG,510300.XSHG,300ETF购9月4500,510300.XSHG,1.0,2026-09-23,2026-09-23,C,E,Option,10000.0,4.5,10010991,0.0,"09:31-11:30,13:01-15:00",510300C2609M04500,10010991
91,135,2026-01-29,XSHG,510300.XSHG,300ETF购9月4600,510300.XSHG,1.0,2026-09-23,2026-09-23,C,E,Option,10000.0,4.6,10010992,0.0,"09:31-11:30,13:01-15:00",510300C2609M04600,10010992
92,136,2026-01-29,XSHG,510300.XSHG,300ETF购9月4700,510300.XSHG,1.0,2026-09-23,2026-09-23,C,E,Option,10000.0,4.7,10010993,0.0,"09:31-11:30,13:01-15:00",510300C2609M04700,10010993
93,137,2026-01-29,XSHG,510300.XSHG,300ETF购9月4800,510300.XSHG,1.0,2026-09-23,2026-09-23,C,E,Option,10000.0,4.8,10010994,0.0,"09:31-11:30,13:01-15:00",510300C2609M04800,10010994
94,138,2026-01-29,XSHG,510300.XSHG,300ETF购9月4900,510300.XSHG,1.0,2026-09-23,2026-09-23,C,E,Option,10000.0,4.9,10010995,0.0,"09:31-11:30,13:01-15:00",510300C2609M04900,10010995
95,139,2026-01-29,XSHG,510300.XSHG,300ETF购9月5000,510300.XSHG,1.0,2026-09-23,2026-09-23,C,E,Option,10000.0,5.0,10010996,0.0,"09:31-11:30,13:01-15:00",510300C2609M05000,10010996
96,140,2026-01-29,XSHG,510300.XSHG,300ETF购9月5250,510300.XSHG,1.0,2026-09-23,2026-09-23,C,E,Option,10000.0,5.25,10010997,0.0,"09:31-11:30,13:01-15:00",510300C2609M05250,10010997
97,141,2026-01-29,XSHG,510300.XSHG,300ETF沽9月4300,510300.XSHG,1.0,2026-09-23,2026-09-23,P,E,Option,10000.0,4.3,10010998,0.0,"09:31-11:30,13:01-15:00",510300P2609M04300,10010998
98,142,2026-01-29,XSHG,510300.XSHG,300ETF沽9月4400,510300.XSHG,1.0,2026-09-23,2026-09-23,P,E,Option,10000.0,4.4,10010999,0.0,"09:31-11:30,13:01-15:00",510300P2609M04400,10010999
99,143,2026-01-29,XSHG,510300.XSHG,300ETF沽9月4500,510300.XSHG,1.0,2026-09-23,2026-09-23,P,E,Option,10000.0,4.5,10011000,0.0,"09:31-11:30,13:01-15:00",510300P2609M04500,10011000
100,144,2026-01-29,XSHG,510300.XSHG,300ETF沽9月4600,510300.XSHG,1.0,2026-09-23,2026-09-23,P,E,Option,10000.0,4.6,10011001,0.0,"09:31-11:30,13:01-15:00",510300P2609M04600,10011001
101,145,2026-01-29,XSHG,510300.XSHG,300ETF沽9月4700,510300.XSHG,1.0,2026-09-23,2026-09-23,P,E,Option,10000.0,4.7,10011002,0.0,"09:31-11:30,13:01-15:00",510300P2609M04700,10011002
102,146,2026-01-29,XSHG,510300.XSHG,300ETF沽9月4800,510300.XSHG,1.0,2026-09-23,2026-09-23,P,E,Option,10000.0,4.8,10011003,0.0,"09:31-11:30,13:01-15:00",510300P2609M04800,10011003
103,147,2026-01-29,XSHG,510300.XSHG,300ETF沽9月4900,510300.XSHG,1.0,2026-09-23,2026-09-23,P,E,Option,10000.0,4.9,10011004,0.0,"09:31-11:30,13:01-15:00",510300P2609M04900,10011004
104,148,2026-01-29,XSHG,510300.XSHG,300ETF沽9月5000,510300.XSHG,1.0,2026-09-23,2026-09-23,P,E,Option,10000.0,5.0,10011005,0.0,"09:31-11:30,13:01-15:00",510300P2609M05000,10011005
105,149,2026-01-29,XSHG,510300.XSHG,300ETF沽9月5250,510300.XSHG,1.0,2026-09-23,2026-09-23,P,E,Option,10000.0,5.25,10011006,0.0,"09:31-11:30,13:01-15:00",510300P2609M05250,10011006
106,150,2026-01-29,XSHG,588080.XSHG,科创板50购9月1400,588080.XSHG,1.0,2026-09-23,2026-09-23,C,E,Option,10000.0,1.4,10011043,0.0,"09:31-11:30,13:01-15:00",588080C2609M01400,10011043
107,151,2026-01-29,XSHG,588080.XSHG,科创板50购9月1450,588080.XSHG,1.0,2026-09-23,2026-09-23,C,E,Option,10000.0,1.45,10011044,0.0,"09:31-11:30,13:01-15:00",588080C2609M01450,10011044
108,152,2026-01-29,XSHG,588080.XSHG,科创板50购9月1500,588080.XSHG,1.0,2026-09-23,2026-09-23,C,E,Option,10000.0,1.5,10011045,0.0,"09:31-11:30,13:01-15:00",588080C2609M01500,10011045
109,153,2026-01-29,XSHG,588080.XSHG,科创板50购9月1550,588080.XSHG,1.0,2026-09-23,2026-09-23,C,E,Option,10000.0,1.55,10011046,0.0,"09:31-11:30,13:01-15:00",588080C2609M01550,10011046
110,154,2026-01-29,XSHG,588080.XSHG,科创板50购9月1600,588080.XSHG,1.0,2026-09-23,2026-09-23,C,E,Option,10000.0,1.6,10011047,0.0,"09:31-11:30,13:01-15:00",588080C2609M01600,10011047
111,155,2026-01-29,XSHG,588080.XSHG,科创板50购9月1650,588080.XSHG,1.0,2026-09-23,2026-09-23,C,E,Option,10000.0,1.65,10011048,0.0,"09:31-11:30,13:01-15:00",588080C2609M01650,10011048
112,156,2026-01-29,XSHG,588080.XSHG,科创板50购9月1700,588080.XSHG,1.0,2026-09-23,2026-09-23,C,E,Option,10000.0,1.7,10011049,0.0,"09:31-11:30,13:01-15:00",588080C2609M01700,10011049
113,157,2026-01-29,XSHG,588080.XSHG,科创板50购9月1750,588080.XSHG,1.0,2026-09-23,2026-09-23,C,E,Option,10000.0,1.75,10011050,0.0,"09:31-11:30,13:01-15:00",588080C2609M01750,10011050
114,158,2026-01-29,XSHG,588080.XSHG,科创板50购9月1800,588080.XSHG,1.0,2026-09-23,2026-09-23,C,E,Option,10000.0,1.8,10011051,0.0,"09:31-11:30,13:01-15:00",588080C2609M01800,10011051
115,159,2026-01-29,XSHG,588080.XSHG,科创板50沽9月1400,588080.XSHG,1.0,2026-09-23,2026-09-23,P,E,Option,10000.0,1.4,10011052,0.0,"09:31-11:30,13:01-15:00",588080P2609M01400,10011052
116,160,2026-01-29,XSHG,588080.XSHG,科创板50沽9月1450,588080.XSHG,1.0,2026-09-23,2026-09-23,P,E,Option,10000.0,1.45,10011053,0.0,"09:31-11:30,13:01-15:00",588080P2609M01450,10011053
117,161,2026-01-29,XSHG,588080.XSHG,科创板50沽9月1500,588080.XSHG,1.0,2026-09-23,2026-09-23,P,E,Option,10000.0,1.5,10011054,0.0,"09:31-11:30,13:01-15:00",588080P2609M01500,10011054
118,162,2026-01-29,XSHG,588080.XSHG,科创板50沽9月1550,588080.XSHG,1.0,2026-09-23,2026-09-23,P,E,Option,10000.0,1.55,10011055,0.0,"09:31-11:30,13:01-15:00",588080P2609M01550,10011055
119,163,2026-01-29,XSHG,588080.XSHG,科创板50沽9月1600,588080.XSHG,1.0,2026-09-23,2026-09-23,P,E,Option,10000.0,1.6,10011056,0.0,"09:31-11:30,13:01-15:00",588080P2609M01600,10011056
120,164,2026-01-29,XSHG,588080.XSHG,科创板50沽9月1650,588080.XSHG,1.0,2026-09-23,2026-09-23,P,E,Option,10000.0,1.65,10011057,0.0,"09:31-11:30,13:01-15:00",588080P2609M01650,10011057
121,165,2026-01-29,XSHG,588080.XSHG,科创板50沽9月1700,588080.XSHG,1.0,2026-09-23,2026-09-23,P,E,Option,10000.0,1.7,10011058,0.0,"09:31-11:30,13:01-15:00",588080P2609M01700,10011058
122,166,2026-01-29,XSHG,588080.XSHG,科创板50沽9月1750,588080.XSHG,1.0,2026-09-23,2026-09-23,P,E,Option,10000.0,1.75,10011059,0.0,"09:31-11:30,13:01-15:00",588080P2609M01750,10011059
123,167,2026-01-29,XSHG,588080.XSHG,科创板50沽9月1800,588080.XSHG,1.0,2026-09-23,2026-09-23,P,E,Option,10000.0,1.8,10011060,0.0,"09:31-11:30,13:01-15:00",588080P2609M01800,10011060
124,168,2026-01-30,XSHG,510050.XSHG,50ETF购9月3600,510050.XSHG,1.0,2026-09-23,2026-09-23,C,E,Option,10000.0,3.6,10011061,0.0,"09:31-11:30,13:01-15:00",510050C2609M03600,10011061
125,169,2026-01-30,XSHG,510050.XSHG,50ETF沽9月3600,510050.XSHG,1.0,2026-09-23,2026-09-23,P,E,Option,10000.0,3.6,10011062,0.0,"09:31-11:30,13:01-15:00",510050P2609M03600,10011062
126,170,2026-01-30,XSHG,510300.XSHG,300ETF购6月5500,510300.XSHG,1.0,2026-06-24,2026-06-24,C,E,Option,10000.0,5.5,10011067,0.0,"09:31-11:30,13:01-15:00",510300C2606M05500,10011067
127,171,2026-01-30,XSHG,510300.XSHG,300ETF沽6月5500,510300.XSHG,1.0,2026-06-24,2026-06-24,P,E,Option,10000.0,5.5,10011068,0.0,"09:31-11:30,13:01-15:00",510300P2606M05500,10011068
128,172,2026-01-30,XSHG,510300.XSHG,300ETF购9月5500,510300.XSHG,1.0,2026-09-23,2026-09-23,C,E,Option,10000.0,5.5,10011069,0.0,"09:31-11:30,13:01-15:00",510300C2609M05500,10011069
129,173,2026-01-30,XSHG,510300.XSHG,300ETF沽9月5500,510300.XSHG,1.0,2026-09-23,2026-09-23,P,E,Option,10000.0,5.5,10011070,0.0,"09:31-11:30,13:01-15:00",510300P2609M05500,10011070
130,174,2026-01-30,XSHG,588080.XSHG,科创板50购9月1350,588080.XSHG,1.0,2026-09-23,2026-09-23,C,E,Option,10000.0,1.35,10011075,0.0,"09:31-11:30,13:01-15:00",588080C2609M01350,10011075
131,175,2026-01-30,XSHG,588080.XSHG,科创板50沽9月1350,588080.XSHG,1.0,2026-09-23,2026-09-23,P,E,Option,10000.0,1.35,10011076,0.0,"09:31-11:30,13:01-15:00",588080P2609M01350,10011076
132,176,2026-02-03,XSHG,510300.XSHG,300ETF购6月4200,510300.XSHG,1.0,2026-06-24,2026-06-24,C,E,Option,10000.0,4.2,10011081,0.0,"09:31-11:30,13:01-15:00",510300C2606M04200,10011081
133,177,2026-02-03,XSHG,510300.XSHG,300ETF沽6月4200,510300.XSHG,1.0,2026-06-24,2026-06-24,P,E,Option,10000.0,4.2,10011082,0.0,"09:31-11:30,13:01-15:00",510300P2606M04200,10011082
134,178,2026-02-03,XSHG,510300.XSHG,300ETF购9月4200,510300.XSHG,1.0,2026-09-23,2026-09-23,C,E,Option,10000.0,4.2,10011083,0.0,"09:31-11:30,13:01-15:00",510300C2609M04200,10011083
135,179,2026-02-03,XSHG,510300.XSHG,300ETF沽9月4200,510300.XSHG,1.0,2026-09-23,2026-09-23,P,E,Option,10000.0,4.2,10011084,0.0,"09:31-11:30,13:01-15:00",510300P2609M04200,10011084
136,180,2026-02-03,XSHG,588080.XSHG,科创板50购9月1300,588080.XSHG,1.0,2026-09-23,2026-09-23,C,E,Option,10000.0,1.3,10011097,0.0,"09:31-11:30,13:01-15:00",588080C2609M01300,10011097
137,181,2026-02-03,XSHG,588080.XSHG,科创板50沽9月1300,588080.XSHG,1.0,2026-09-23,2026-09-23,P,E,Option,10000.0,1.3,10011098,0.0,"09:31-11:30,13:01-15:00",588080P2609M01300,10011098
138,182,2026-02-06,XSHG,588080.XSHG,科创板50购9月1250,588080.XSHG,1.0,2026-09-23,2026-09-23,C,E,Option,10000.0,1.25,10011101,0.0,"09:31-11:30,13:01-15:00",588080C2609M01250,10011101
139,183,2026-02-06,XSHG,588080.XSHG,科创板50沽9月1250,588080.XSHG,1.0,2026-09-23,2026-09-23,P,E,Option,10000.0,1.25,10011102,0.0,"09:31-11:30,13:01-15:00",588080P2609M01250,10011102
140,184,2026-03-04,XSHG,588080.XSHG,科创板50购9月1200,588080.XSHG,1.0,2026-09-23,2026-09-23,C,E,Option,10000.0,1.2,10011207,0.0,"09:31-11:30,13:01-15:00",588080C2609M01200,10011207
141,185,2026-03-04,XSHG,588080.XSHG,科创板50沽9月1200,588080.XSHG,1.0,2026-09-23,2026-09-23,P,E,Option,10000.0,1.2,10011208,0.0,"09:31-11:30,13:01-15:00",588080P2609M01200,10011208
142,186,2026-03-10,XSHG,510050.XSHG,50ETF购9月2800,510050.XSHG,1.0,2026-09-23,2026-09-23,C,E,Option,10000.0,2.8,10011215,0.0,"09:31-11:30,13:01-15:00",510050C2609M02800,10011215
143,187,2026-03-10,XSHG,510050.XSHG,50ETF沽9月2800,510050.XSHG,1.0,2026-09-23,2026-09-23,P,E,Option,10000.0,2.8,10011216,0.0,"09:31-11:30,13:01-15:00",510050P2609M02800,10011216
144,188,2026-03-20,XSHG,588080.XSHG,科创板50购9月1150,588080.XSHG,1.0,2026-09-23,2026-09-23,C,E,Option,10000.0,1.15,10011225,0.0,"09:31-11:30,13:01-15:00",588080C2609M01150,10011225
145,189,2026-03-20,XSHG,588080.XSHG,科创板50沽9月1150,588080.XSHG,1.0,2026-09-23,2026-09-23,P,E,Option,10000.0,1.15,10011226,0.0,"09:31-11:30,13:01-15:00",588080P2609M01150,10011226
146,190,2026-03-23,XSHG,510050.XSHG,50ETF购6月2750,510050.XSHG,1.0,2026-06-24,2026-06-24,C,E,Option,10000.0,2.75,10011231,0.0,"09:31-11:30,13:01-15:00",510050C2606M02750,10011231
147,191,2026-03-23,XSHG,510050.XSHG,50ETF沽6月2750,510050.XSHG,1.0,2026-06-24,2026-06-24,P,E,Option,10000.0,2.75,10011232,0.0,"09:31-11:30,13:01-15:00",510050P2606M02750,10011232
148,192,2026-03-23,XSHG,510050.XSHG,50ETF购9月2750,510050.XSHG,1.0,2026-09-23,2026-09-23,C,E,Option,10000.0,2.75,10011233,0.0,"09:31-11:30,13:01-15:00",510050C2609M02750,10011233
149,193,2026-03-23,XSHG,510050.XSHG,50ETF沽9月2750,510050.XSHG,1.0,2026-09-23,2026-09-23,P,E,Option,10000.0,2.75,10011234,0.0,"09:31-11:30,13:01-15:00",510050P2609M02750,10011234
150,194,2026-03-24,XSHG,510050.XSHG,50ETF购6月2650,510050.XSHG,1.0,2026-06-24,2026-06-24,C,E,Option,10000.0,2.65,10011251,0.0,"09:31-11:30,13:01-15:00",510050C2606M02650,10011251
151,195,2026-03-24,XSHG,510050.XSHG,50ETF购6月2700,510050.XSHG,1.0,2026-06-24,2026-06-24,C,E,Option,10000.0,2.7,10011252,0.0,"09:31-11:30,13:01-15:00",510050C2606M02700,10011252
152,196,2026-03-24,XSHG,510050.XSHG,50ETF沽6月2650,510050.XSHG,1.0,2026-06-24,2026-06-24,P,E,Option,10000.0,2.65,10011253,0.0,"09:31-11:30,13:01-15:00",510050P2606M02650,10011253
153,197,2026-03-24,XSHG,510050.XSHG,50ETF沽6月2700,510050.XSHG,1.0,2026-06-24,2026-06-24,P,E,Option,10000.0,2.7,10011254,0.0,"09:31-11:30,13:01-15:00",510050P2606M02700,10011254
154,198,2026-03-24,XSHG,510050.XSHG,50ETF购9月2650,510050.XSHG,1.0,2026-09-23,2026-09-23,C,E,Option,10000.0,2.65,10011255,0.0,"09:31-11:30,13:01-15:00",510050C2609M02650,10011255
155,199,2026-03-24,XSHG,510050.XSHG,50ETF购9月2700,510050.XSHG,1.0,2026-09-23,2026-09-23,C,E,Option,10000.0,2.7,10011256,0.0,"09:31-11:30,13:01-15:00",510050C2609M02700,10011256
156,200,2026-03-24,XSHG,510050.XSHG,50ETF沽9月2650,510050.XSHG,1.0,2026-09-23,2026-09-23,P,E,Option,10000.0,2.65,10011257,0.0,"09:31-11:30,13:01-15:00",510050P2609M02650,10011257
157,201,2026-03-24,XSHG,510050.XSHG,50ETF沽9月2700,510050.XSHG,1.0,2026-09-23,2026-09-23,P,E,Option,10000.0,2.7,10011258,0.0,"09:31-11:30,13:01-15:00",510050P2609M02700,10011258
158,202,2026-03-24,XSHG,510300.XSHG,300ETF购6月4000,510300.XSHG,1.0,2026-06-24,2026-06-24,C,E,Option,10000.0,4.0,10011267,0.0,"09:31-11:30,13:01-15:00",510300C2606M04000,10011267
159,203,2026-03-24,XSHG,510300.XSHG,300ETF购6月4100,510300.XSHG,1.0,2026-06-24,2026-06-24,C,E,Option,10000.0,4.1,10011268,0.0,"09:31-11:30,13:01-15:00",510300C2606M04100,10011268
160,204,2026-03-24,XSHG,510300.XSHG,300ETF沽6月4000,510300.XSHG,1.0,2026-06-24,2026-06-24,P,E,Option,10000.0,4.0,10011269,0.0,"09:31-11:30,13:01-15:00",510300P2606M04000,10011269
161,205,2026-03-24,XSHG,510300.XSHG,300ETF沽6月4100,510300.XSHG,1.0,2026-06-24,2026-06-24,P,E,Option,10000.0,4.1,10011270,0.0,"09:31-11:30,13:01-15:00",510300P2606M04100,10011270
162,206,2026-03-24,XSHG,510300.XSHG,300ETF购9月4000,510300.XSHG,1.0,2026-09-23,2026-09-23,C,E,Option,10000.0,4.0,10011271,0.0,"09:31-11:30,13:01-15:00",510300C2609M04000,10011271
163,207,2026-03-24,XSHG,510300.XSHG,300ETF购9月4100,510300.XSHG,1.0,2026-09-23,2026-09-23,C,E,Option,10000.0,4.1,10011272,0.0,"09:31-11:30,13:01-15:00",510300C2609M04100,10011272
164,208,2026-03-24,XSHG,510300.XSHG,300ETF沽9月4000,510300.XSHG,1.0,2026-09-23,2026-09-23,P,E,Option,10000.0,4.0,10011273,0.0,"09:31-11:30,13:01-15:00",510300P2609M04000,10011273
165,209,2026-03-24,XSHG,510300.XSHG,300ETF沽9月4100,510300.XSHG,1.0,2026-09-23,2026-09-23,P,E,Option,10000.0,4.1,10011274,0.0,"09:31-11:30,13:01-15:00",510300P2609M04100,10011274
166,210,2026-03-24,XSHG,588080.XSHG,科创板50购9月1100,588080.XSHG,1.0,2026-09-23,2026-09-23,C,E,Option,10000.0,1.1,10011289,0.0,"09:31-11:30,13:01-15:00",588080C2609M01100,10011289
167,211,2026-03-24,XSHG,588080.XSHG,科创板50沽9月1100,588080.XSHG,1.0,2026-09-23,2026-09-23,P,E,Option,10000.0,1.1,10011290,0.0,"09:31-11:30,13:01-15:00",588080P2609M01100,10011290
168,212,2026-03-26,XSHG,510050.XSHG,50ETF购5月2750,510050.XSHG,1.0,2026-05-27,2026-05-27,C,E,Option,10000.0,2.75,10011291,0.0,"09:31-11:30,13:01-15:00",510050C2605M02750,10011291
169,213,2026-03-26,XSHG,510050.XSHG,50ETF购5月2800,510050.XSHG,1.0,2026-05-27,2026-05-27,C,E,Option,10000.0,2.8,10011292,0.0,"09:31-11:30,13:01-15:00",510050C2605M02800,10011292
170,214,2026-03-26,XSHG,510050.XSHG,50ETF购5月2850,510050.XSHG,1.0,2026-05-27,2026-05-27,C,E,Option,10000.0,2.85,10011293,0.0,"09:31-11:30,13:01-15:00",510050C2605M02850,10011293
171,215,2026-03-26,XSHG,510050.XSHG,50ETF购5月2900,510050.XSHG,1.0,2026-05-27,2026-05-27,C,E,Option,10000.0,2.9,10011294,0.0,"09:31-11:30,13:01-15:00",510050C2605M02900,10011294
172,216,2026-03-26,XSHG,510050.XSHG,50ETF购5月2950,510050.XSHG,1.0,2026-05-27,2026-05-27,C,E,Option,10000.0,2.95,10011295,0.0,"09:31-11:30,13:01-15:00",510050C2605M02950,10011295
173,217,2026-03-26,XSHG,510050.XSHG,50ETF购5月3000,510050.XSHG,1.0,2026-05-27,2026-05-27,C,E,Option,10000.0,3.0,10011296,0.0,"09:31-11:30,13:01-15:00",510050C2605M03000,10011296
174,218,2026-03-26,XSHG,510050.XSHG,50ETF购5月3100,510050.XSHG,1.0,2026-05-27,2026-05-27,C,E,Option,10000.0,3.1,10011297,0.0,"09:31-11:30,13:01-15:00",510050C2605M03100,10011297
175,219,2026-03-26,XSHG,510050.XSHG,50ETF购5月3200,510050.XSHG,1.0,2026-05-27,2026-05-27,C,E,Option,10000.0,3.2,10011298,0.0,"09:31-11:30,13:01-15:00",510050C2605M03200,10011298
176,220,2026-03-26,XSHG,510050.XSHG,50ETF购5月3300,510050.XSHG,1.0,2026-05-27,2026-05-27,C,E,Option,10000.0,3.3,10011299,0.0,"09:31-11:30,13:01-15:00",510050C2605M03300,10011299
177,221,2026-03-26,XSHG,510050.XSHG,50ETF沽5月2750,510050.XSHG,1.0,2026-05-27,2026-05-27,P,E,Option,10000.0,2.75,10011300,0.0,"09:31-11:30,13:01-15:00",510050P2605M02750,10011300
178,222,2026-03-26,XSHG,510050.XSHG,50ETF沽5月2800,510050.XSHG,1.0,2026-05-27,2026-05-27,P,E,Option,10000.0,2.8,10011301,0.0,"09:31-11:30,13:01-15:00",510050P2605M02800,10011301
179,223,2026-03-26,XSHG,510050.XSHG,50ETF沽5月2850,510050.XSHG,1.0,2026-05-27,2026-05-27,P,E,Option,10000.0,2.85,10011302,0.0,"09:31-11:30,13:01-15:00",510050P2605M02850,10011302
180,224,2026-03-26,XSHG,510050.XSHG,50ETF沽5月2900,510050.XSHG,1.0,2026-05-27,2026-05-27,P,E,Option,10000.0,2.9,10011303,0.0,"09:31-11:30,13:01-15:00",510050P2605M02900,10011303
181,225,2026-03-26,XSHG,510050.XSHG,50ETF沽5月2950,510050.XSHG,1.0,2026-05-27,2026-05-27,P,E,Option,10000.0,2.95,10011304,0.0,"09:31-11:30,13:01-15:00",510050P2605M02950,10011304
182,226,2026-03-26,XSHG,510050.XSHG,50ETF沽5月3000,510050.XSHG,1.0,2026-05-27,2026-05-27,P,E,Option,10000.0,3.0,10011305,0.0,"09:31-11:30,13:01-15:00",510050P2605M03000,10011305
183,227,2026-03-26,XSHG,510050.XSHG,50ETF沽5月3100,510050.XSHG,1.0,2026-05-27,2026-05-27,P,E,Option,10000.0,3.1,10011306,0.0,"09:31-11:30,13:01-15:00",510050P2605M03100,10011306
184,228,2026-03-26,XSHG,510050.XSHG,50ETF沽5月3200,510050.XSHG,1.0,2026-05-27,2026-05-27,P,E,Option,10000.0,3.2,10011307,0.0,"09:31-11:30,13:01-15:00",510050P2605M03200,10011307
185,229,2026-03-26,XSHG,510050.XSHG,50ETF沽5月3300,510050.XSHG,1.0,2026-05-27,2026-05-27,P,E,Option,10000.0,3.3,10011308,0.0,"09:31-11:30,13:01-15:00",510050P2605M03300,10011308
186,230,2026-03-26,XSHG,510300.XSHG,300ETF购5月4100,510300.XSHG,1.0,2026-05-27,2026-05-27,C,E,Option,10000.0,4.1,10011309,0.0,"09:31-11:30,13:01-15:00",510300C2605M04100,10011309
187,231,2026-03-26,XSHG,510300.XSHG,300ETF购5月4200,510300.XSHG,1.0,2026-05-27,2026-05-27,C,E,Option,10000.0,4.2,10011310,0.0,"09:31-11:30,13:01-15:00",510300C2605M04200,10011310
188,232,2026-03-26,XSHG,510300.XSHG,300ETF购5月4300,510300.XSHG,1.0,2026-05-27,2026-05-27,C,E,Option,10000.0,4.3,10011311,0.0,"09:31-11:30,13:01-15:00",510300C2605M04300,10011311
189,233,2026-03-26,XSHG,510300.XSHG,300ETF购5月4400,510300.XSHG,1.0,2026-05-27,2026-05-27,C,E,Option,10000.0,4.4,10011312,0.0,"09:31-11:30,13:01-15:00",510300C2605M04400,10011312
190,234,2026-03-26,XSHG,510300.XSHG,300ETF购5月4500,510300.XSHG,1.0,2026-05-27,2026-05-27,C,E,Option,10000.0,4.5,10011313,0.0,"09:31-11:30,13:01-15:00",510300C2605M04500,10011313
191,235,2026-03-26,XSHG,510300.XSHG,300ETF购5月4600,510300.XSHG,1.0,2026-05-27,2026-05-27,C,E,Option,10000.0,4.6,10011314,0.0,"09:31-11:30,13:01-15:00",510300C2605M04600,10011314
192,236,2026-03-26,XSHG,510300.XSHG,300ETF购5月4700,510300.XSHG,1.0,2026-05-27,2026-05-27,C,E,Option,10000.0,4.7,10011315,0.0,"09:31-11:30,13:01-15:00",510300C2605M04700,10011315
193,237,2026-03-26,XSHG,510300.XSHG,300ETF购5月4800,510300.XSHG,1.0,2026-05-27,2026-05-27,C,E,Option,10000.0,4.8,10011316,0.0,"09:31-11:30,13:01-15:00",510300C2605M04800,10011316
194,238,2026-03-26,XSHG,510300.XSHG,300ETF购5月4900,510300.XSHG,1.0,2026-05-27,2026-05-27,C,E,Option,10000.0,4.9,10011317,0.0,"09:31-11:30,13:01-15:00",510300C2605M04900,10011317
195,239,2026-03-26,XSHG,510300.XSHG,300ETF沽5月4100,510300.XSHG,1.0,2026-05-27,2026-05-27,P,E,Option,10000.0,4.1,10011318,0.0,"09:31-11:30,13:01-15:00",510300P2605M04100,10011318
196,240,2026-03-26,XSHG,510300.XSHG,300ETF沽5月4200,510300.XSHG,1.0,2026-05-27,2026-05-27,P,E,Option,10000.0,4.2,10011319,0.0,"09:31-11:30,13:01-15:00",510300P2605M04200,10011319
197,241,2026-03-26,XSHG,510300.XSHG,300ETF沽5月4300,510300.XSHG,1.0,2026-05-27,2026-05-27,P,E,Option,10000.0,4.3,10011320,0.0,"09:31-11:30,13:01-15:00",510300P2605M04300,10011320
198,242,2026-03-26,XSHG,510300.XSHG,300ETF沽5月4400,510300.XSHG,1.0,2026-05-27,2026-05-27,P,E,Option,10000.0,4.4,10011321,0.0,"09:31-11:30,13:01-15:00",510300P2605M04400,10011321
199,243,2026-03-26,XSHG,510300.XSHG,300ETF沽5月4500,510300.XSHG,1.0,2026-05-27,2026-05-27,P,E,Option,10000.0,4.5,10011322,0.0,"09:31-11:30,13:01-15:00",510300P2605M04500,10011322
200,244,2026-03-26,XSHG,510300.XSHG,300ETF沽5月4600,510300.XSHG,1.0,2026-05-27,2026-05-27,P,E,Option,10000.0,4.6,10011323,0.0,"09:31-11:30,13:01-15:00",510300P2605M04600,10011323
201,245,2026-03-26,XSHG,510300.XSHG,300ETF沽5月4700,510300.XSHG,1.0,2026-05-27,2026-05-27,P,E,Option,10000.0,4.7,10011324,0.0,"09:31-11:30,13:01-15:00",510300P2605M04700,10011324
202,246,2026-03-26,XSHG,510300.XSHG,300ETF沽5月4800,510300.XSHG,1.0,2026-05-27,2026-05-27,P,E,Option,10000.0,4.8,10011325,0.0,"09:31-11:30,13:01-15:00",510300P2605M04800,10011325
203,247,2026-03-26,XSHG,510300.XSHG,300ETF沽5月4900,510300.XSHG,1.0,2026-05-27,2026-05-27,P,E,Option,10000.0,4.9,10011326,0.0,"09:31-11:30,13:01-15:00",510300P2605M04900,10011326
204,248,2026-03-26,XSHG,588080.XSHG,科创板50购5月1150,588080.XSHG,1.0,2026-05-27,2026-05-27,C,E,Option,10000.0,1.15,10011363,0.0,"09:31-11:30,13:01-15:00",588080C2605M01150,10011363
205,249,2026-03-26,XSHG,588080.XSHG,科创板50购5月1200,588080.XSHG,1.0,2026-05-27,2026-05-27,C,E,Option,10000.0,1.2,10011364,0.0,"09:31-11:30,13:01-15:00",588080C2605M01200,10011364
206,250,2026-03-26,XSHG,588080.XSHG,科创板50购5月1250,588080.XSHG,1.0,2026-05-27,2026-05-27,C,E,Option,10000.0,1.25,10011365,0.0,"09:31-11:30,13:01-15:00",588080C2605M01250,10011365
207,251,2026-03-26,XSHG,588080.XSHG,科创板50购5月1300,588080.XSHG,1.0,2026-05-27,2026-05-27,C,E,Option,10000.0,1.3,10011366,0.0,"09:31-11:30,13:01-15:00",588080C2605M01300,10011366
208,252,2026-03-26,XSHG,588080.XSHG,科创板50购5月1350,588080.XSHG,1.0,2026-05-27,2026-05-27,C,E,Option,10000.0,1.35,10011367,0.0,"09:31-11:30,13:01-15:00",588080C2605M01350,10011367
209,253,2026-03-26,XSHG,588080.XSHG,科创板50购5月1400,588080.XSHG,1.0,2026-05-27,2026-05-27,C,E,Option,10000.0,1.4,10011368,0.0,"09:31-11:30,13:01-15:00",588080C2605M01400,10011368
210,254,2026-03-26,XSHG,588080.XSHG,科创板50购5月1450,588080.XSHG,1.0,2026-05-27,2026-05-27,C,E,Option,10000.0,1.45,10011369,0.0,"09:31-11:30,13:01-15:00",588080C2605M01450,10011369
211,255,2026-03-26,XSHG,588080.XSHG,科创板50购5月1500,588080.XSHG,1.0,2026-05-27,2026-05-27,C,E,Option,10000.0,1.5,10011370,0.0,"09:31-11:30,13:01-15:00",588080C2605M01500,10011370
212,256,2026-03-26,XSHG,588080.XSHG,科创板50购5月1550,588080.XSHG,1.0,2026-05-27,2026-05-27,C,E,Option,10000.0,1.55,10011371,0.0,"09:31-11:30,13:01-15:00",588080C2605M01550,10011371
213,257,2026-03-26,XSHG,588080.XSHG,科创板50沽5月1150,588080.XSHG,1.0,2026-05-27,2026-05-27,P,E,Option,10000.0,1.15,10011372,0.0,"09:31-11:30,13:01-15:00",588080P2605M01150,10011372
214,258,2026-03-26,XSHG,588080.XSHG,科创板50沽5月1200,588080.XSHG,1.0,2026-05-27,2026-05-27,P,E,Option,10000.0,1.2,10011373,0.0,"09:31-11:30,13:01-15:00",588080P2605M01200,10011373
215,259,2026-03-26,XSHG,588080.XSHG,科创板50沽5月1250,588080.XSHG,1.0,2026-05-27,2026-05-27,P,E,Option,10000.0,1.25,10011374,0.0,"09:31-11:30,13:01-15:00",588080P2605M01250,10011374
216,260,2026-03-26,XSHG,588080.XSHG,科创板50沽5月1300,588080.XSHG,1.0,2026-05-27,2026-05-27,P,E,Option,10000.0,1.3,10011375,0.0,"09:31-11:30,13:01-15:00",588080P2605M01300,10011375
217,261,2026-03-26,XSHG,588080.XSHG,科创板50沽5月1350,588080.XSHG,1.0,2026-05-27,2026-05-27,P,E,Option,10000.0,1.35,10011376,0.0,"09:31-11:30,13:01-15:00",588080P2605M01350,10011376
218,262,2026-03-26,XSHG,588080.XSHG,科创板50沽5月1400,588080.XSHG,1.0,2026-05-27,2026-05-27,P,E,Option,10000.0,1.4,10011377,0.0,"09:31-11:30,13:01-15:00",588080P2605M01400,10011377
219,263,2026-03-26,XSHG,588080.XSHG,科创板50沽5月1450,588080.XSHG,1.0,2026-05-27,2026-05-27,P,E,Option,10000.0,1.45,10011378,0.0,"09:31-11:30,13:01-15:00",588080P2605M01450,10011378
220,264,2026-03-26,XSHG,588080.XSHG,科创板50沽5月1500,588080.XSHG,1.0,2026-05-27,2026-05-27,P,E,Option,10000.0,1.5,10011379,0.0,"09:31-11:30,13:01-15:00",588080P2605M01500,10011379
221,265,2026-03-26,XSHG,588080.XSHG,科创板50沽5月1550,588080.XSHG,1.0,2026-05-27,2026-05-27,P,E,Option,10000.0,1.55,10011380,0.0,"09:31-11:30,13:01-15:00",588080P2605M01550,10011380
222,266,2026-03-27,XSHG,510050.XSHG,50ETF购5月2700,510050.XSHG,1.0,2026-05-27,2026-05-27,C,E,Option,10000.0,2.7,10011381,0.0,"09:31-11:30,13:01-15:00",510050C2605M02700,10011381
223,267,2026-03-27,XSHG,510050.XSHG,50ETF沽5月2700,510050.XSHG,1.0,2026-05-27,2026-05-27,P,E,Option,10000.0,2.7,10011382,0.0,"09:31-11:30,13:01-15:00",510050P2605M02700,10011382
224,268,2026-03-27,XSHG,588080.XSHG,科创板50购5月1100,588080.XSHG,1.0,2026-05-27,2026-05-27,C,E,Option,10000.0,1.1,10011385,0.0,"09:31-11:30,13:01-15:00",588080C2605M01100,10011385
225,269,2026-03-27,XSHG,588080.XSHG,科创板50沽5月1100,588080.XSHG,1.0,2026-05-27,2026-05-27,P,E,Option,10000.0,1.1,10011386,0.0,"09:31-11:30,13:01-15:00",588080P2605M01100,10011386
226,270,2026-04-08,XSHG,510300.XSHG,300ETF购5月4000,510300.XSHG,1.0,2026-05-27,2026-05-27,C,E,Option,10000.0,4.0,10011397,0.0,"09:31-11:30,13:01-15:00",510300C2605M04000,10011397
227,271,2026-04-08,XSHG,510300.XSHG,300ETF沽5月4000,510300.XSHG,1.0,2026-05-27,2026-05-27,P,E,Option,10000.0,4.0,10011398,0.0,"09:31-11:30,13:01-15:00",510300P2605M04000,10011398
228,272,2026-04-09,XSHG,510050.XSHG,50ETF购5月3400,510050.XSHG,1.0,2026-05-27,2026-05-27,C,E,Option,10000.0,3.4,10011399,0.0,"09:31-11:30,13:01-15:00",510050C2605M03400,10011399
229,273,2026-04-09,XSHG,510050.XSHG,50ETF沽5月3400,510050.XSHG,1.0,2026-05-27,2026-05-27,P,E,Option,10000.0,3.4,10011400,0.0,"09:31-11:30,13:01-15:00",510050P2605M03400,10011400
230,274,2026-04-09,XSHG,510300.XSHG,300ETF购5月5000,510300.XSHG,1.0,2026-05-27,2026-05-27,C,E,Option,10000.0,5.0,10011401,0.0,"09:31-11:30,13:01-15:00",510300C2605M05000,10011401
231,275,2026-04-09,XSHG,510300.XSHG,300ETF沽5月5000,510300.XSHG,1.0,2026-05-27,2026-05-27,P,E,Option,10000.0,5.0,10011402,0.0,"09:31-11:30,13:01-15:00",510300P2605M05000,10011402
232,276,2026-04-09,XSHG,588080.XSHG,科创板50购5月1600,588080.XSHG,1.0,2026-05-27,2026-05-27,C,E,Option,10000.0,1.6,10011407,0.0,"09:31-11:30,13:01-15:00",588080C2605M01600,10011407
233,277,2026-04-09,XSHG,588080.XSHG,科创板50沽5月1600,588080.XSHG,1.0,2026-05-27,2026-05-27,P,E,Option,10000.0,1.6,10011408,0.0,"09:31-11:30,13:01-15:00",588080P2605M01600,10011408
234,278,2026-04-14,XSHG,510300.XSHG,300ETF购5月5250,510300.XSHG,1.0,2026-05-27,2026-05-27,C,E,Option,10000.0,5.25,10011409,0.0,"09:31-11:30,13:01-15:00",510300C2605M05250,10011409
235,279,2026-04-14,XSHG,510300.XSHG,300ETF沽5月5250,510300.XSHG,1.0,2026-05-27,2026-05-27,P,E,Option,10000.0,5.25,10011410,0.0,"09:31-11:30,13:01-15:00",510300P2605M05250,10011410
236,280,2026-04-15,XSHG,588080.XSHG,科创板50购5月1650,588080.XSHG,1.0,2026-05-27,2026-05-27,C,E,Option,10000.0,1.65,10011415,0.0,"09:31-11:30,13:01-15:00",588080C2605M01650,10011415
237,281,2026-04-15,XSHG,588080.XSHG,科创板50沽5月1650,588080.XSHG,1.0,2026-05-27,2026-05-27,P,E,Option,10000.0,1.65,10011416,0.0,"09:31-11:30,13:01-15:00",588080P2605M01650,10011416
238,282,2026-04-21,XSHG,510300.XSHG,300ETF购5月5500,510300.XSHG,1.0,2026-05-27,2026-05-27,C,E,Option,10000.0,5.5,10011417,0.0,"09:31-11:30,13:01-15:00",510300C2605M05500,10011417
239,283,2026-04-21,XSHG,510300.XSHG,300ETF沽5月5500,510300.XSHG,1.0,2026-05-27,2026-05-27,P,E,Option,10000.0,5.5,10011418,0.0,"09:31-11:30,13:01-15:00",510300P2605M05500,10011418
240,284,2026-04-21,XSHG,588080.XSHG,科创板50购5月1700,588080.XSHG,1.0,2026-05-27,2026-05-27,C,E,Option,10000.0,1.7,10011421,0.0,"09:31-11:30,13:01-15:00",588080C2605M01700,10011421
241,285,2026-04-21,XSHG,588080.XSHG,科创板50沽5月1700,588080.XSHG,1.0,2026-05-27,2026-05-27,P,E,Option,10000.0,1.7,10011422,0.0,"09:31-11:30,13:01-15:00",588080P2605M01700,10011422
242,286,2026-04-23,XSHG,510050.XSHG,50ETF购12月2800,510050.XSHG,1.0,2026-12-23,2026-12-23,C,E,Option,10000.0,2.8,10011425,0.0,"09:31-11:30,13:01-15:00",510050C2612M02800,10011425
243,287,2026-04-23,XSHG,510050.XSHG,50ETF购12月2850,510050.XSHG,1.0,2026-12-23,2026-12-23,C,E,Option,10000.0,2.85,10011426,0.0,"09:31-11:30,13:01-15:00",510050C2612M02850,10011426
244,288,2026-04-23,XSHG,510050.XSHG,50ETF购12月2900,510050.XSHG,1.0,2026-12-23,2026-12-23,C,E,Option,10000.0,2.9,10011427,0.0,"09:31-11:30,13:01-15:00",510050C2612M02900,10011427
245,289,2026-04-23,XSHG,510050.XSHG,50ETF购12月2950,510050.XSHG,1.0,2026-12-23,2026-12-23,C,E,Option,10000.0,2.95,10011428,0.0,"09:31-11:30,13:01-15:00",510050C2612M02950,10011428
246,290,2026-04-23,XSHG,510050.XSHG,50ETF购12月3000,510050.XSHG,1.0,2026-12-23,2026-12-23,C,E,Option,10000.0,3.0,10011429,0.0,"09:31-11:30,13:01-15:00",510050C2612M03000,10011429
247,291,2026-04-23,XSHG,510050.XSHG,50ETF购12月3100,510050.XSHG,1.0,2026-12-23,2026-12-23,C,E,Option,10000.0,3.1,10011430,0.0,"09:31-11:30,13:01-15:00",510050C2612M03100,10011430
248,292,2026-04-23,XSHG,510050.XSHG,50ETF购12月3200,510050.XSHG,1.0,2026-12-23,2026-12-23,C,E,Option,10000.0,3.2,10011431,0.0,"09:31-11:30,13:01-15:00",510050C2612M03200,10011431
249,293,2026-04-23,XSHG,510050.XSHG,50ETF购12月3300,510050.XSHG,1.0,2026-12-23,2026-12-23,C,E,Option,10000.0,3.3,10011432,0.0,"09:31-11:30,13:01-15:00",510050C2612M03300,10011432
250,294,2026-04-23,XSHG,510050.XSHG,50ETF购12月3400,510050.XSHG,1.0,2026-12-23,2026-12-23,C,E,Option,10000.0,3.4,10011433,0.0,"09:31-11:30,13:01-15:00",510050C2612M03400,10011433
251,295,2026-04-23,XSHG,510050.XSHG,50ETF沽12月2800,510050.XSHG,1.0,2026-12-23,2026-12-23,P,E,Option,10000.0,2.8,10011434,0.0,"09:31-11:30,13:01-15:00",510050P2612M02800,10011434
252,296,2026-04-23,XSHG,510050.XSHG,50ETF沽12月2850,510050.XSHG,1.0,2026-12-23,2026-12-23,P,E,Option,10000.0,2.85,10011435,0.0,"09:31-11:30,13:01-15:00",510050P2612M02850,10011435
253,297,2026-04-23,XSHG,510050.XSHG,50ETF沽12月2900,510050.XSHG,1.0,2026-12-23,2026-12-23,P,E,Option,10000.0,2.9,10011436,0.0,"09:31-11:30,13:01-15:00",510050P2612M02900,10011436
254,298,2026-04-23,XSHG,510050.XSHG,50ETF沽12月2950,510050.XSHG,1.0,2026-12-23,2026-12-23,P,E,Option,10000.0,2.95,10011437,0.0,"09:31-11:30,13:01-15:00",510050P2612M02950,10011437
255,299,2026-04-23,XSHG,510050.XSHG,50ETF沽12月3000,510050.XSHG,1.0,2026-12-23,2026-12-23,P,E,Option,10000.0,3.0,10011438,0.0,"09:31-11:30,13:01-15:00",510050P2612M03000,10011438
256,300,2026-04-23,XSHG,510050.XSHG,50ETF沽12月3100,510050.XSHG,1.0,2026-12-23,2026-12-23,P,E,Option,10000.0,3.1,10011439,0.0,"09:31-11:30,13:01-15:00",510050P2612M03100,10011439
257,301,2026-04-23,XSHG,510050.XSHG,50ETF沽12月3200,510050.XSHG,1.0,2026-12-23,2026-12-23,P,E,Option,10000.0,3.2,10011440,0.0,"09:31-11:30,13:01-15:00",510050P2612M03200,10011440
258,302,2026-04-23,XSHG,510050.XSHG,50ETF沽12月3300,510050.XSHG,1.0,2026-12-23,2026-12-23,P,E,Option,10000.0,3.3,10011441,0.0,"09:31-11:30,13:01-15:00",510050P2612M03300,10011441
259,303,2026-04-23,XSHG,510050.XSHG,50ETF沽12月3400,510050.XSHG,1.0,2026-12-23,2026-12-23,P,E,Option,10000.0,3.4,10011442,0.0,"09:31-11:30,13:01-15:00",510050P2612M03400,10011442
260,304,2026-04-23,XSHG,510300.XSHG,300ETF购12月4400,510300.XSHG,1.0,2026-12-23,2026-12-23,C,E,Option,10000.0,4.4,10011443,0.0,"09:31-11:30,13:01-15:00",510300C2612M04400,10011443
261,305,2026-04-23,XSHG,510300.XSHG,300ETF购12月4500,510300.XSHG,1.0,2026-12-23,2026-12-23,C,E,Option,10000.0,4.5,10011444,0.0,"09:31-11:30,13:01-15:00",510300C2612M04500,10011444
262,306,2026-04-23,XSHG,510300.XSHG,300ETF购12月4600,510300.XSHG,1.0,2026-12-23,2026-12-23,C,E,Option,10000.0,4.6,10011445,0.0,"09:31-11:30,13:01-15:00",510300C2612M04600,10011445
263,307,2026-04-23,XSHG,510300.XSHG,300ETF购12月4700,510300.XSHG,1.0,2026-12-23,2026-12-23,C,E,Option,10000.0,4.7,10011446,0.0,"09:31-11:30,13:01-15:00",510300C2612M04700,10011446
264,308,2026-04-23,XSHG,510300.XSHG,300ETF购12月4800,510300.XSHG,1.0,2026-12-23,2026-12-23,C,E,Option,10000.0,4.8,10011447,0.0,"09:31-11:30,13:01-15:00",510300C2612M04800,10011447
265,309,2026-04-23,XSHG,510300.XSHG,300ETF购12月4900,510300.XSHG,1.0,2026-12-23,2026-12-23,C,E,Option,10000.0,4.9,10011448,0.0,"09:31-11:30,13:01-15:00",510300C2612M04900,10011448
266,310,2026-04-23,XSHG,510300.XSHG,300ETF购12月5000,510300.XSHG,1.0,2026-12-23,2026-12-23,C,E,Option,10000.0,5.0,10011449,0.0,"09:31-11:30,13:01-15:00",510300C2612M05000,10011449
267,311,2026-04-23,XSHG,510300.XSHG,300ETF购12月5250,510300.XSHG,1.0,2026-12-23,2026-12-23,C,E,Option,10000.0,5.25,10011450,0.0,"09:31-11:30,13:01-15:00",510300C2612M05250,10011450
268,312,2026-04-23,XSHG,510300.XSHG,300ETF购12月5500,510300.XSHG,1.0,2026-12-23,2026-12-23,C,E,Option,10000.0,5.5,10011451,0.0,"09:31-11:30,13:01-15:00",510300C2612M05500,10011451
269,313,2026-04-23,XSHG,510300.XSHG,300ETF沽12月4400,510300.XSHG,1.0,2026-12-23,2026-12-23,P,E,Option,10000.0,4.4,10011452,0.0,"09:31-11:30,13:01-15:00",510300P2612M04400,10011452
270,314,2026-04-23,XSHG,510300.XSHG,300ETF沽12月4500,510300.XSHG,1.0,2026-12-23,2026-12-23,P,E,Option,10000.0,4.5,10011453,0.0,"09:31-11:30,13:01-15:00",510300P2612M04500,10011453
271,315,2026-04-23,XSHG,510300.XSHG,300ETF沽12月4600,510300.XSHG,1.0,2026-12-23,2026-12-23,P,E,Option,10000.0,4.6,10011454,0.0,"09:31-11:30,13:01-15:00",510300P2612M04600,10011454
272,316,2026-04-23,XSHG,510300.XSHG,300ETF沽12月4700,510300.XSHG,1.0,2026-12-23,2026-12-23,P,E,Option,10000.0,4.7,10011455,0.0,"09:31-11:30,13:01-15:00",510300P2612M04700,10011455
273,317,2026-04-23,XSHG,510300.XSHG,300ETF沽12月4800,510300.XSHG,1.0,2026-12-23,2026-12-23,P,E,Option,10000.0,4.8,10011456,0.0,"09:31-11:30,13:01-15:00",510300P2612M04800,10011456
274,318,2026-04-23,XSHG,510300.XSHG,300ETF沽12月4900,510300.XSHG,1.0,2026-12-23,2026-12-23,P,E,Option,10000.0,4.9,10011457,0.0,"09:31-11:30,13:01-15:00",510300P2612M04900,10011457
275,319,2026-04-23,XSHG,510300.XSHG,300ETF沽12月5000,510300.XSHG,1.0,2026-12-23,2026-12-23,P,E,Option,10000.0,5.0,10011458,0.0,"09:31-11:30,13:01-15:00",510300P2612M05000,10011458
276,320,2026-04-23,XSHG,510300.XSHG,300ETF沽12月5250,510300.XSHG,1.0,2026-12-23,2026-12-23,P,E,Option,10000.0,5.25,10011459,0.0,"09:31-11:30,13:01-15:00",510300P2612M05250,10011459
277,321,2026-04-23,XSHG,510300.XSHG,300ETF沽12月5500,510300.XSHG,1.0,2026-12-23,2026-12-23,P,E,Option,10000.0,5.5,10011460,0.0,"09:31-11:30,13:01-15:00",510300P2612M05500,10011460
278,322,2026-04-23,XSHG,588080.XSHG,科创板50购12月1300,588080.XSHG,1.0,2026-12-23,2026-12-23,C,E,Option,10000.0,1.3,10011497,0.0,"09:31-11:30,13:01-15:00",588080C2612M01300,10011497
279,323,2026-04-23,XSHG,588080.XSHG,科创板50购12月1350,588080.XSHG,1.0,2026-12-23,2026-12-23,C,E,Option,10000.0,1.35,10011498,0.0,"09:31-11:30,13:01-15:00",588080C2612M01350,10011498
280,324,2026-04-23,XSHG,588080.XSHG,科创板50购12月1400,588080.XSHG,1.0,2026-12-23,2026-12-23,C,E,Option,10000.0,1.4,10011499,0.0,"09:31-11:30,13:01-15:00",588080C2612M01400,10011499
281,325,2026-04-23,XSHG,588080.XSHG,科创板50购12月1450,588080.XSHG,1.0,2026-12-23,2026-12-23,C,E,Option,10000.0,1.45,10011500,0.0,"09:31-11:30,13:01-15:00",588080C2612M01450,10011500
282,326,2026-04-23,XSHG,588080.XSHG,科创板50购12月1500,588080.XSHG,1.0,2026-12-23,2026-12-23,C,E,Option,10000.0,1.5,10011501,0.0,"09:31-11:30,13:01-15:00",588080C2612M01500,10011501
283,327,2026-04-23,XSHG,588080.XSHG,科创板50购12月1550,588080.XSHG,1.0,2026-12-23,2026-12-23,C,E,Option,10000.0,1.55,10011502,0.0,"09:31-11:30,13:01-15:00",588080C2612M01550,10011502
284,328,2026-04-23,XSHG,588080.XSHG,科创板50购12月1600,588080.XSHG,1.0,2026-12-23,2026-12-23,C,E,Option,10000.0,1.6,10011503,0.0,"09:31-11:30,13:01-15:00",588080C2612M01600,10011503
285,329,2026-04-23,XSHG,588080.XSHG,科创板50购12月1650,588080.XSHG,1.0,2026-12-23,2026-12-23,C,E,Option,10000.0,1.65,10011504,0.0,"09:31-11:30,13:01-15:00",588080C2612M01650,10011504
286,330,2026-04-23,XSHG,588080.XSHG,科创板50购12月1700,588080.XSHG,1.0,2026-12-23,2026-12-23,C,E,Option,10000.0,1.7,10011505,0.0,"09:31-11:30,13:01-15:00",588080C2612M01700,10011505
287,331,2026-04-23,XSHG,588080.XSHG,科创板50沽12月1300,588080.XSHG,1.0,2026-12-23,2026-12-23,P,E,Option,10000.0,1.3,10011506,0.0,"09:31-11:30,13:01-15:00",588080P2612M01300,10011506
288,332,2026-04-23,XSHG,588080.XSHG,科创板50沽12月1350,588080.XSHG,1.0,2026-12-23,2026-12-23,P,E,Option,10000.0,1.35,10011507,0.0,"09:31-11:30,13:01-15:00",588080P2612M01350,10011507
289,333,2026-04-23,XSHG,588080.XSHG,科创板50沽12月1400,588080.XSHG,1.0,2026-12-23,2026-12-23,P,E,Option,10000.0,1.4,10011508,0.0,"09:31-11:30,13:01-15:00",588080P2612M01400,10011508
290,334,2026-04-23,XSHG,588080.XSHG,科创板50沽12月1450,588080.XSHG,1.0,2026-12-23,2026-12-23,P,E,Option,10000.0,1.45,10011509,0.0,"09:31-11:30,13:01-15:00",588080P2612M01450,10011509
291,335,2026-04-23,XSHG,588080.XSHG,科创板50沽12月1500,588080.XSHG,1.0,2026-12-23,2026-12-23,P,E,Option,10000.0,1.5,10011510,0.0,"09:31-11:30,13:01-15:00",588080P2612M01500,10011510
292,336,2026-04-23,XSHG,588080.XSHG,科创板50沽12月1550,588080.XSHG,1.0,2026-12-23,2026-12-23,P,E,Option,10000.0,1.55,10011511,0.0,"09:31-11:30,13:01-15:00",588080P2612M01550,10011511
293,337,2026-04-23,XSHG,588080.XSHG,科创板50沽12月1600,588080.XSHG,1.0,2026-12-23,2026-12-23,P,E,Option,10000.0,1.6,10011512,0.0,"09:31-11:30,13:01-15:00",588080P2612M01600,10011512
294,338,2026-04-23,XSHG,588080.XSHG,科创板50沽12月1650,588080.XSHG,1.0,2026-12-23,2026-12-23,P,E,Option,10000.0,1.65,10011513,0.0,"09:31-11:30,13:01-15:00",588080P2612M01650,10011513
295,339,2026-04-23,XSHG,588080.XSHG,科创板50沽12月1700,588080.XSHG,1.0,2026-12-23,2026-12-23,P,E,Option,10000.0,1.7,10011514,0.0,"09:31-11:30,13:01-15:00",588080P2612M01700,10011514
296,340,2026-04-24,XSHG,588080.XSHG,科创板50购12月1250,588080.XSHG,1.0,2026-12-23,2026-12-23,C,E,Option,10000.0,1.25,10011517,0.0,"09:31-11:30,13:01-15:00",588080C2612M01250,10011517
297,341,2026-04-24,XSHG,588080.XSHG,科创板50沽12月1250,588080.XSHG,1.0,2026-12-23,2026-12-23,P,E,Option,10000.0,1.25,10011518,0.0,"09:31-11:30,13:01-15:00",588080P2612M01250,10011518
298,342,2026-04-28,XSHG,588080.XSHG,科创板50购5月1750,588080.XSHG,1.0,2026-05-27,2026-05-27,C,E,Option,10000.0,1.75,10011525,0.0,"09:31-11:30,13:01-15:00",588080C2605M01750,10011525
299,343,2026-04-28,XSHG,588080.XSHG,科创板50沽5月1750,588080.XSHG,1.0,2026-05-27,2026-05-27,P,E,Option,10000.0,1.75,10011526,0.0,"09:31-11:30,13:01-15:00",588080P2605M01750,10011526
300,344,2026-04-28,XSHG,588080.XSHG,科创板50购12月1750,588080.XSHG,1.0,2026-12-23,2026-12-23,C,E,Option,10000.0,1.75,10011527,0.0,"09:31-11:30,13:01-15:00",588080C2612M01750,10011527
301,345,2026-04-28,XSHG,588080.XSHG,科创板50沽12月1750,588080.XSHG,1.0,2026-12-23,2026-12-23,P,E,Option,10000.0,1.75,10011528,0.0,"09:31-11:30,13:01-15:00",588080P2612M01750,10011528
302,346,2026-05-06,XSHG,510050.XSHG,50ETF购5月3500,510050.XSHG,1.0,2026-05-27,2026-05-27,C,E,Option,10000.0,3.5,10011529,0.0,"09:31-11:30,13:01-15:00",510050C2605M03500,10011529
303,347,2026-05-06,XSHG,510050.XSHG,50ETF沽5月3500,510050.XSHG,1.0,2026-05-27,2026-05-27,P,E,Option,10000.0,3.5,10011530,0.0,"09:31-11:30,13:01-15:00",510050P2605M03500,10011530
304,348,2026-05-06,XSHG,510050.XSHG,50ETF购12月3500,510050.XSHG,1.0,2026-12-23,2026-12-23,C,E,Option,10000.0,3.5,10011531,0.0,"09:31-11:30,13:01-15:00",510050C2612M03500,10011531
305,349,2026-05-06,XSHG,510050.XSHG,50ETF沽12月3500,510050.XSHG,1.0,2026-12-23,2026-12-23,P,E,Option,10000.0,3.5,10011532,0.0,"09:31-11:30,13:01-15:00",510050P2612M03500,10011532
306,350,2026-05-06,XSHG,588080.XSHG,科创板50购5月1800,588080.XSHG,1.0,2026-05-27,2026-05-27,C,E,Option,10000.0,1.8,10011537,0.0,"09:31-11:30,13:01-15:00",588080C2605M01800,10011537
307,351,2026-05-06,XSHG,588080.XSHG,科创板50沽5月1800,588080.XSHG,1.0,2026-05-27,2026-05-27,P,E,Option,10000.0,1.8,10011538,0.0,"09:31-11:30,13:01-15:00",588080P2605M01800,10011538
308,352,2026-05-06,XSHG,588080.XSHG,科创板50购12月1800,588080.XSHG,1.0,2026-12-23,2026-12-23,C,E,Option,10000.0,1.8,10011539,0.0,"09:31-11:30,13:01-15:00",588080C2612M01800,10011539
309,353,2026-05-06,XSHG,588080.XSHG,科创板50沽12月1800,588080.XSHG,1.0,2026-12-23,2026-12-23,P,E,Option,10000.0,1.8,10011540,0.0,"09:31-11:30,13:01-15:00",588080P2612M01800,10011540
310,354,2026-05-07,XSHG,510300.XSHG,300ETF购5月5750,510300.XSHG,1.0,2026-05-27,2026-05-27,C,E,Option,10000.0,5.75,10011541,0.0,"09:31-11:30,13:01-15:00",510300C2605M05750,10011541
311,355,2026-05-07,XSHG,510300.XSHG,300ETF沽5月5750,510300.XSHG,1.0,2026-05-27,2026-05-27,P,E,Option,10000.0,5.75,10011542,0.0,"09:31-11:30,13:01-15:00",510300P2605M05750,10011542
312,356,2026-05-07,XSHG,510300.XSHG,300ETF购6月5750,510300.XSHG,1.0,2026-06-24,2026-06-24,C,E,Option,10000.0,5.75,10011543,0.0,"09:31-11:30,13:01-15:00",510300C2606M05750,10011543
313,357,2026-05-07,XSHG,510300.XSHG,300ETF沽6月5750,510300.XSHG,1.0,2026-06-24,2026-06-24,P,E,Option,10000.0,5.75,10011544,0.0,"09:31-11:30,13:01-15:00",510300P2606M05750,10011544
314,358,2026-05-07,XSHG,510300.XSHG,300ETF购9月5750,510300.XSHG,1.0,2026-09-23,2026-09-23,C,E,Option,10000.0,5.75,10011545,0.0,"09:31-11:30,13:01-15:00",510300C2609M05750,10011545
315,359,2026-05-07,XSHG,510300.XSHG,300ETF沽9月5750,510300.XSHG,1.0,2026-09-23,2026-09-23,P,E,Option,10000.0,5.75,10011546,0.0,"09:31-11:30,13:01-15:00",510300P2609M05750,10011546
316,360,2026-05-07,XSHG,510300.XSHG,300ETF购12月5750,510300.XSHG,1.0,2026-12-23,2026-12-23,C,E,Option,10000.0,5.75,10011547,0.0,"09:31-11:30,13:01-15:00",510300C2612M05750,10011547
317,361,2026-05-07,XSHG,510300.XSHG,300ETF沽12月5750,510300.XSHG,1.0,2026-12-23,2026-12-23,P,E,Option,10000.0,5.75,10011548,0.0,"09:31-11:30,13:01-15:00",510300P2612M05750,10011548
318,362,2026-05-07,XSHG,588080.XSHG,科创板50购5月1850,588080.XSHG,1.0,2026-05-27,2026-05-27,C,E,Option,10000.0,1.85,10011569,0.0,"09:31-11:30,13:01-15:00",588080C2605M01850,10011569
319,363,2026-05-07,XSHG,588080.XSHG,科创板50购5月1900,588080.XSHG,1.0,2026-05-27,2026-05-27,C,E,Option,10000.0,1.9,10011570,0.0,"09:31-11:30,13:01-15:00",588080C2605M01900,10011570
320,364,2026-05-07,XSHG,588080.XSHG,科创板50沽5月1850,588080.XSHG,1.0,2026-05-27,2026-05-27,P,E,Option,10000.0,1.85,10011571,0.0,"09:31-11:30,13:01-15:00",588080P2605M01850,10011571
321,365,2026-05-07,XSHG,588080.XSHG,科创板50沽5月1900,588080.XSHG,1.0,2026-05-27,2026-05-27,P,E,Option,10000.0,1.9,10011572,0.0,"09:31-11:30,13:01-15:00",588080P2605M01900,10011572
322,366,2026-05-07,XSHG,588080.XSHG,科创板50购6月1850,588080.XSHG,1.0,2026-06-24,2026-06-24,C,E,Option,10000.0,1.85,10011573,0.0,"09:31-11:30,13:01-15:00",588080C2606M01850,10011573
323,367,2026-05-07,XSHG,588080.XSHG,科创板50购6月1900,588080.XSHG,1.0,2026-06-24,2026-06-24,C,E,Option,10000.0,1.9,10011574,0.0,"09:31-11:30,13:01-15:00",588080C2606M01900,10011574
324,368,2026-05-07,XSHG,588080.XSHG,科创板50沽6月1850,588080.XSHG,1.0,2026-06-24,2026-06-24,P,E,Option,10000.0,1.85,10011575,0.0,"09:31-11:30,13:01-15:00",588080P2606M01850,10011575
325,369,2026-05-07,XSHG,588080.XSHG,科创板50沽6月1900,588080.XSHG,1.0,2026-06-24,2026-06-24,P,E,Option,10000.0,1.9,10011576,0.0,"09:31-11:30,13:01-15:00",588080P2606M01900,10011576
326,370,2026-05-07,XSHG,588080.XSHG,科创板50购9月1850,588080.XSHG,1.0,2026-09-23,2026-09-23,C,E,Option,10000.0,1.85,10011577,0.0,"09:31-11:30,13:01-15:00",588080C2609M01850,10011577
327,371,2026-05-07,XSHG,588080.XSHG,科创板50购9月1900,588080.XSHG,1.0,2026-09-23,2026-09-23,C,E,Option,10000.0,1.9,10011578,0.0,"09:31-11:30,13:01-15:00",588080C2609M01900,10011578
328,372,2026-05-07,XSHG,588080.XSHG,科创板50沽9月1850,588080.XSHG,1.0,2026-09-23,2026-09-23,P,E,Option,10000.0,1.85,10011579,0.0,"09:31-11:30,13:01-15:00",588080P2609M01850,10011579
329,373,2026-05-07,XSHG,588080.XSHG,科创板50沽9月1900,588080.XSHG,1.0,2026-09-23,2026-09-23,P,E,Option,10000.0,1.9,10011580,0.0,"09:31-11:30,13:01-15:00",588080P2609M01900,10011580
330,374,2026-05-07,XSHG,588080.XSHG,科创板50购12月1850,588080.XSHG,1.0,2026-12-23,2026-12-23,C,E,Option,10000.0,1.85,10011581,0.0,"09:31-11:30,13:01-15:00",588080C2612M01850,10011581
331,375,2026-05-07,XSHG,588080.XSHG,科创板50购12月1900,588080.XSHG,1.0,2026-12-23,2026-12-23,C,E,Option,10000.0,1.9,10011582,0.0,"09:31-11:30,13:01-15:00",588080C2612M01900,10011582
332,376,2026-05-07,XSHG,588080.XSHG,科创板50沽12月1850,588080.XSHG,1.0,2026-12-23,2026-12-23,P,E,Option,10000.0,1.85,10011583,0.0,"09:31-11:30,13:01-15:00",588080P2612M01850,10011583
333,377,2026-05-07,XSHG,588080.XSHG,科创板50沽12月1900,588080.XSHG,1.0,2026-12-23,2026-12-23,P,E,Option,10000.0,1.9,10011584,0.0,"09:31-11:30,13:01-15:00",588080P2612M01900,10011584
334,378,2026-05-12,XSHG,510300.XSHG,300ETF购5月6000,510300.XSHG,1.0,2026-05-27,2026-05-27,C,E,Option,10000.0,6.0,10011585,0.0,"09:31-11:30,13:01-15:00",510300C2605M06000,10011585
335,379,2026-05-12,XSHG,510300.XSHG,300ETF沽5月6000,510300.XSHG,1.0,2026-05-27,2026-05-27,P,E,Option,10000.0,6.0,10011586,0.0,"09:31-11:30,13:01-15:00",510300P2605M06000,10011586
336,380,2026-05-12,XSHG,510300.XSHG,300ETF购6月6000,510300.XSHG,1.0,2026-06-24,2026-06-24,C,E,Option,10000.0,6.0,10011587,0.0,"09:31-11:30,13:01-15:00",510300C2606M06000,10011587
337,381,2026-05-12,XSHG,510300.XSHG,300ETF沽6月6000,510300.XSHG,1.0,2026-06-24,2026-06-24,P,E,Option,10000.0,6.0,10011588,0.0,"09:31-11:30,13:01-15:00",510300P2606M06000,10011588
338,382,2026-05-12,XSHG,510300.XSHG,300ETF购9月6000,510300.XSHG,1.0,2026-09-23,2026-09-23,C,E,Option,10000.0,6.0,10011589,0.0,"09:31-11:30,13:01-15:00",510300C2609M06000,10011589
339,383,2026-05-12,XSHG,510300.XSHG,300ETF沽9月6000,510300.XSHG,1.0,2026-09-23,2026-09-23,P,E,Option,10000.0,6.0,10011590,0.0,"09:31-11:30,13:01-15:00",510300P2609M06000,10011590
340,384,2026-05-12,XSHG,510300.XSHG,300ETF购12月6000,510300.XSHG,1.0,2026-12-23,2026-12-23,C,E,Option,10000.0,6.0,10011591,0.0,"09:31-11:30,13:01-15:00",510300C2612M06000,10011591
341,385,2026-05-12,XSHG,510300.XSHG,300ETF沽12月6000,510300.XSHG,1.0,2026-12-23,2026-12-23,P,E,Option,10000.0,6.0,10011592,0.0,"09:31-11:30,13:01-15:00",510300P2612M06000,10011592
342,386,2026-05-12,XSHG,588080.XSHG,科创板50购5月1950,588080.XSHG,1.0,2026-05-27,2026-05-27,C,E,Option,10000.0,1.95,10011609,0.0,"09:31-11:30,13:01-15:00",588080C2605M01950,10011609
343,387,2026-05-12,XSHG,588080.XSHG,科创板50沽5月1950,588080.XSHG,1.0,2026-05-27,2026-05-27,P,E,Option,10000.0,1.95,10011610,0.0,"09:31-11:30,13:01-15:00",588080P2605M01950,10011610
344,388,2026-05-12,XSHG,588080.XSHG,科创板50购6月1950,588080.XSHG,1.0,2026-06-24,2026-06-24,C,E,Option,10000.0,1.95,10011611,0.0,"09:31-11:30,13:01-15:00",588080C2606M01950,10011611
345,389,2026-05-12,XSHG,588080.XSHG,科创板50沽6月1950,588080.XSHG,1.0,2026-06-24,2026-06-24,P,E,Option,10000.0,1.95,10011612,0.0,"09:31-11:30,13:01-15:00",588080P2606M01950,10011612
346,390,2026-05-12,XSHG,588080.XSHG,科创板50购9月1950,588080.XSHG,1.0,2026-09-23,2026-09-23,C,E,Option,10000.0,1.95,10011613,0.0,"09:31-11:30,13:01-15:00",588080C2609M01950,10011613
347,391,2026-05-12,XSHG,588080.XSHG,科创板50沽9月1950,588080.XSHG,1.0,2026-09-23,2026-09-23,P,E,Option,10000.0,1.95,10011614,0.0,"09:31-11:30,13:01-15:00",588080P2609M01950,10011614
348,392,2026-05-12,XSHG,588080.XSHG,科创板50购12月1950,588080.XSHG,1.0,2026-12-23,2026-12-23,C,E,Option,10000.0,1.95,10011615,0.0,"09:31-11:30,13:01-15:00",588080C2612M01950,10011615
349,393,2026-05-12,XSHG,588080.XSHG,科创板50沽12月1950,588080.XSHG,1.0,2026-12-23,2026-12-23,P,E,Option,10000.0,1.95,10011616,0.0,"09:31-11:30,13:01-15:00",588080P2612M01950,10011616
350,394,2026-05-14,XSHG,588080.XSHG,科创板50购5月2000,588080.XSHG,1.0,2026-05-27,2026-05-27,C,E,Option,10000.0,2.0,10011625,0.0,"09:31-11:30,13:01-15:00",588080C2605M02000,10011625
351,395,2026-05-14,XSHG,588080.XSHG,科创板50沽5月2000,588080.XSHG,1.0,2026-05-27,2026-05-27,P,E,Option,10000.0,2.0,10011626,0.0,"09:31-11:30,13:01-15:00",588080P2605M02000,10011626
352,396,2026-05-14,XSHG,588080.XSHG,科创板50购6月2000,588080.XSHG,1.0,2026-06-24,2026-06-24,C,E,Option,10000.0,2.0,10011627,0.0,"09:31-11:30,13:01-15:00",588080C2606M02000,10011627
353,397,2026-05-14,XSHG,588080.XSHG,科创板50沽6月2000,588080.XSHG,1.0,2026-06-24,2026-06-24,P,E,Option,10000.0,2.0,10011628,0.0,"09:31-11:30,13:01-15:00",588080P2606M02000,10011628
354,398,2026-05-14,XSHG,588080.XSHG,科创板50购9月2000,588080.XSHG,1.0,2026-09-23,2026-09-23,C,E,Option,10000.0,2.0,10011629,0.0,"09:31-11:30,13:01-15:00",588080C2609M02000,10011629
355,399,2026-05-14,XSHG,588080.XSHG,科创板50沽9月2000,588080.XSHG,1.0,2026-09-23,2026-09-23,P,E,Option,10000.0,2.0,10011630,0.0,"09:31-11:30,13:01-15:00",588080P2609M02000,10011630
356,400,2026-05-14,XSHG,588080.XSHG,科创板50购12月2000,588080.XSHG,1.0,2026-12-23,2026-12-23,C,E,Option,10000.0,2.0,10011631,0.0,"09:31-11:30,13:01-15:00",588080C2612M02000,10011631
357,401,2026-05-14,XSHG,588080.XSHG,科创板50沽12月2000,588080.XSHG,1.0,2026-12-23,2026-12-23,P,E,Option,10000.0,2.0,10011632,0.0,"09:31-11:30,13:01-15:00",588080P2612M02000,10011632
358,402,2026-05-21,XSHG,588080.XSHG,科创板50购5月2050,588080.XSHG,1.0,2026-05-27,2026-05-27,C,E,Option,10000.0,2.05,10011649,0.0,"09:31-11:30,13:01-15:00",588080C2605M02050,10011649
359,403,2026-05-21,XSHG,588080.XSHG,科创板50沽5月2050,588080.XSHG,1.0,2026-05-27,2026-05-27,P,E,Option,10000.0,2.05,10011650,0.0,"09:31-11:30,13:01-15:00",588080P2605M02050,10011650
360,404,2026-05-21,XSHG,588080.XSHG,科创板50购6月2050,588080.XSHG,1.0,2026-06-24,2026-06-24,C,E,Option,10000.0,2.05,10011651,0.0,"09:31-11:30,13:01-15:00",588080C2606M02050,10011651
361,405,2026-05-21,XSHG,588080.XSHG,科创板50沽6月2050,588080.XSHG,1.0,2026-06-24,2026-06-24,P,E,Option,10000.0,2.05,10011652,0.0,"09:31-11:30,13:01-15:00",588080P2606M02050,10011652
362,406,2026-05-21,XSHG,588080.XSHG,科创板50购9月2050,588080.XSHG,1.0,2026-09-23,2026-09-23,C,E,Option,10000.0,2.05,10011653,0.0,"09:31-11:30,13:01-15:00",588080C2609M02050,10011653
363,407,2026-05-21,XSHG,588080.XSHG,科创板50沽9月2050,588080.XSHG,1.0,2026-09-23,2026-09-23,P,E,Option,10000.0,2.05,10011654,0.0,"09:31-11:30,13:01-15:00",588080P2609M02050,10011654
364,408,2026-05-21,XSHG,588080.XSHG,科创板50购12月2050,588080.XSHG,1.0,2026-12-23,2026-12-23,C,E,Option,10000.0,2.05,10011655,0.0,"09:31-11:30,13:01-15:00",588080C2612M02050,10011655
365,409,2026-05-21,XSHG,588080.XSHG,科创板50沽12月2050,588080.XSHG,1.0,2026-12-23,2026-12-23,P,E,Option,10000.0,2.05,10011656,0.0,"09:31-11:30,13:01-15:00",588080P2612M02050,10011656
366,410,2026-05-26,XSHG,588080.XSHG,科创板50购5月2100,588080.XSHG,1.0,2026-05-27,2026-05-27,C,E,Option,10000.0,2.1,10011665,0.0,"09:31-11:30,13:01-15:00",588080C2605M02100,10011665
367,411,2026-05-26,XSHG,588080.XSHG,科创板50购5月2150,588080.XSHG,1.0,2026-05-27,2026-05-27,C,E,Option,10000.0,2.15,10011666,0.0,"09:31-11:30,13:01-15:00",588080C2605M02150,10011666
368,412,2026-05-26,XSHG,588080.XSHG,科创板50沽5月2100,588080.XSHG,1.0,2026-05-27,2026-05-27,P,E,Option,10000.0,2.1,10011667,0.0,"09:31-11:30,13:01-15:00",588080P2605M02100,10011667
369,413,2026-05-26,XSHG,588080.XSHG,科创板50沽5月2150,588080.XSHG,1.0,2026-05-27,2026-05-27,P,E,Option,10000.0,2.15,10011668,0.0,"09:31-11:30,13:01-15:00",588080P2605M02150,10011668
370,414,2026-05-26,XSHG,588080.XSHG,科创板50购6月2100,588080.XSHG,1.0,2026-06-24,2026-06-24,C,E,Option,10000.0,2.1,10011669,0.0,"09:31-11:30,13:01-15:00",588080C2606M02100,10011669
371,415,2026-05-26,XSHG,588080.XSHG,科创板50购6月2150,588080.XSHG,1.0,2026-06-24,2026-06-24,C,E,Option,10000.0,2.15,10011670,0.0,"09:31-11:30,13:01-15:00",588080C2606M02150,10011670
372,416,2026-05-26,XSHG,588080.XSHG,科创板50沽6月2100,588080.XSHG,1.0,2026-06-24,2026-06-24,P,E,Option,10000.0,2.1,10011671,0.0,"09:31-11:30,13:01-15:00",588080P2606M02100,10011671
373,417,2026-05-26,XSHG,588080.XSHG,科创板50沽6月2150,588080.XSHG,1.0,2026-06-24,2026-06-24,P,E,Option,10000.0,2.15,10011672,0.0,"09:31-11:30,13:01-15:00",588080P2606M02150,10011672
374,418,2026-05-26,XSHG,588080.XSHG,科创板50购9月2100,588080.XSHG,1.0,2026-09-23,2026-09-23,C,E,Option,10000.0,2.1,10011673,0.0,"09:31-11:30,13:01-15:00",588080C2609M02100,10011673
375,419,2026-05-26,XSHG,588080.XSHG,科创板50购9月2150,588080.XSHG,1.0,2026-09-23,2026-09-23,C,E,Option,10000.0,2.15,10011674,0.0,"09:31-11:30,13:01-15:00",588080C2609M02150,10011674
376,420,2026-05-26,XSHG,588080.XSHG,科创板50沽9月2100,588080.XSHG,1.0,2026-09-23,2026-09-23,P,E,Option,10000.0,2.1,10011675,0.0,"09:31-11:30,13:01-15:00",588080P2609M02100,10011675
377,421,2026-05-26,XSHG,588080.XSHG,科创板50沽9月2150,588080.XSHG,1.0,2026-09-23,2026-09-23,P,E,Option,10000.0,2.15,10011676,0.0,"09:31-11:30,13:01-15:00",588080P2609M02150,10011676
378,422,2026-05-26,XSHG,588080.XSHG,科创板50购12月2100,588080.XSHG,1.0,2026-12-23,2026-12-23,C,E,Option,10000.0,2.1,10011677,0.0,"09:31-11:30,13:01-15:00",588080C2612M02100,10011677
379,423,2026-05-26,XSHG,588080.XSHG,科创板50购12月2150,588080.XSHG,1.0,2026-12-23,2026-12-23,C,E,Option,10000.0,2.15,10011678,0.0,"09:31-11:30,13:01-15:00",588080C2612M02150,10011678
380,424,2026-05-26,XSHG,588080.XSHG,科创板50沽12月2100,588080.XSHG,1.0,2026-12-23,2026-12-23,P,E,Option,10000.0,2.1,10011679,0.0,"09:31-11:30,13:01-15:00",588080P2612M02100,10011679
381,425,2026-05-26,XSHG,588080.XSHG,科创板50沽12月2150,588080.XSHG,1.0,2026-12-23,2026-12-23,P,E,Option,10000.0,2.15,10011680,0.0,"09:31-11:30,13:01-15:00",588080P2612M02150,10011680
